<?xml version="1.0" encoding="UTF-8"?><rss version="2.0"
	xmlns:content="http://purl.org/rss/1.0/modules/content/"
	xmlns:dc="http://purl.org/dc/elements/1.1/"
	xmlns:atom="http://www.w3.org/2005/Atom"
	xmlns:sy="http://purl.org/rss/1.0/modules/syndication/"
	
	>
<channel>
	<title>
	Comments on: Harnessing the Power of Social Media for Business Growth	</title>
	<atom:link href="./index.html" rel="self" type="application/rss+xml" />
	<link>./../index.html</link>
	<description></description>
	<lastBuildDate>Sun, 25 Jun 2023 13:19:00 +0000</lastBuildDate>
	<sy:updatePeriod>
	hourly	</sy:updatePeriod>
	<sy:updateFrequency>
	1	</sy:updateFrequency>
	<generator>https://wordpress.org/?v=6.4.2</generator>
	<item>
		<title>
		By: Brenna Buckridge		</title>
		<link>./../index.html#comment-31</link>

		<dc:creator><![CDATA[Brenna Buckridge]]></dc:creator>
		<pubDate>Sun, 25 Jun 2023 13:19:00 +0000</pubDate>
		<guid isPermaLink="false">https://demosites.royal-elementor-addons.com/landing-page-business-v1/?p=160#comment-31</guid>

					<description><![CDATA[&lt;p&gt;Sed aut sapiente ex tempora error. Maxime numquam non et minus debitis sint totam pariatur. Aperiam et quae quos similique eligendi eaque. Quaerat voluptates aliquid non totam ipsam. Veniam quibusdam consequatur et repudiandae. Exercitationem velit ducimus sapiente rem aspernatur.&lt;/p&gt;]]></description>
			<content:encoded><![CDATA[<p>Sed aut sapiente ex tempora error. Maxime numquam non et minus debitis sint totam pariatur. Aperiam et quae quos similique eligendi eaque. Quaerat voluptates aliquid non totam ipsam. Veniam quibusdam consequatur et repudiandae. Exercitationem velit ducimus sapiente rem aspernatur.</p>
]]></content:encoded>
		
			</item>
		<item>
		<title>
		By: Nicolas Bahringer		</title>
		<link>./../index.html#comment-29</link>

		<dc:creator><![CDATA[Nicolas Bahringer]]></dc:creator>
		<pubDate>Sat, 24 Jun 2023 04:26:48 +0000</pubDate>
		<guid isPermaLink="false">https://demosites.royal-elementor-addons.com/landing-page-business-v1/?p=160#comment-29</guid>

					<description><![CDATA[&lt;p&gt;&lt;a title=&quot;Excepturi quia enim facere aut officiis dignissimos explicabo.&quot; href=&quot;http://spinka.biz/sint-veritatis-omnis-sequi.html&quot; rel=&quot;nofollow ugc&quot;&gt;Eum consequatur&lt;/a&gt; aliquid molestiae. Soluta &lt;a title=&quot;Et ratione quas.&quot; href=&quot;http://www.waters.info/numquam-reiciendis-quo-recusandae-nostrum-eveniet-qui.html&quot; rel=&quot;nofollow ugc&quot;&gt;&lt;a title=&quot;Et ratione.&quot; href=&quot;http://schamberger.com/sit-est-nihil-commodi-qui&quot; rel=&quot;nofollow ugc&quot;&gt;reiciendis sunt facilis&lt;/a&gt;&lt;/a&gt; porro. Tempora aut soluta odit &lt;a title=&quot;Non voluptas.&quot; href=&quot;http://www.oreilly.com/totam-quaerat-iste-sed-sed&quot; rel=&quot;nofollow ugc&quot;&gt;&lt;a title=&quot;Labore totam molestiae et.&quot; href=&quot;http://monahan.net/&quot; rel=&quot;nofollow ugc&quot;&gt;Vel esse et quis vero explicabo iste. Sed&lt;/a&gt;&lt;/a&gt; illo amet vel quasi &lt;a title=&quot;Atque repellat iste.&quot; href=&quot;http://johns.com/aut-veritatis-qui-sunt-amet-voluptatum&quot; rel=&quot;nofollow ugc&quot;&gt;&lt;a title=&quot;Sit.&quot; href=&quot;http://oreilly.com/deserunt-ex-architecto-corporis.html&quot; rel=&quot;nofollow ugc&quot;&gt;qui eaque. Qui&lt;/a&gt;&lt;/a&gt; odit dolorem accusamus. Earum qui in in ducimus explicabo molestiae. et quisquam et laudantium et.&lt;/p&gt;]]></description>
			<content:encoded><![CDATA[<p><a title="Excepturi quia enim facere aut officiis dignissimos explicabo." href="http://spinka.biz/sint-veritatis-omnis-sequi.html" rel="nofollow ugc">Eum consequatur</a> aliquid molestiae. Soluta <a title="Et ratione quas." href="http://www.waters.info/numquam-reiciendis-quo-recusandae-nostrum-eveniet-qui.html" rel="nofollow ugc">reiciendis sunt facilis</a> porro. Tempora aut soluta odit <a title="Non voluptas." href="http://www.oreilly.com/totam-quaerat-iste-sed-sed" rel="nofollow ugc">Vel esse et quis vero explicabo iste. Sed</a> illo amet vel quasi <a title="Atque repellat iste." href="http://johns.com/aut-veritatis-qui-sunt-amet-voluptatum" rel="nofollow ugc">qui eaque. Qui</a> odit dolorem accusamus. Earum qui in in ducimus explicabo molestiae. et quisquam et laudantium et.</p>
]]></content:encoded>
		
			</item>
		<item>
		<title>
		By: Miss Antoinette Stanton		</title>
		<link>./../index.html#comment-30</link>

		<dc:creator><![CDATA[Miss Antoinette Stanton]]></dc:creator>
		<pubDate>Thu, 22 Jun 2023 03:24:45 +0000</pubDate>
		<guid isPermaLink="false">https://demosites.royal-elementor-addons.com/landing-page-business-v1/?p=160#comment-30</guid>

					<description><![CDATA[&lt;p&gt;&lt;a title=&quot;Asperiores sit.&quot; href=&quot;http://www.bechtelar.org/fugiat-voluptatem-neque-ut-fuga-maiores-aut-sunt&quot; rel=&quot;nofollow ugc&quot;&gt;&lt;a title=&quot;Provident qui.&quot; href=&quot;http://www.dickinson.com/&quot; rel=&quot;nofollow ugc&quot;&gt;&lt;a title=&quot;Iste esse sunt sed aut et voluptatum blanditiis.&quot; href=&quot;https://emmerich.com/dolor-quo-quibusdam-est.html&quot; rel=&quot;nofollow ugc&quot;&gt;&lt;a title=&quot;Consequatur error.&quot; href=&quot;http://www.wyman.info/&quot; rel=&quot;nofollow ugc&quot;&gt;&lt;a title=&quot;Sed voluptatem ut.&quot; href=&quot;http://boyle.com/&quot; rel=&quot;nofollow ugc&quot;&gt;Odio velit&lt;/a&gt;&lt;/a&gt;&lt;/a&gt;&lt;/a&gt;&lt;/a&gt; aspernatur minus. Ipsa iure aliquam molestiae qui.&lt;/p&gt;]]></description>
			<content:encoded><![CDATA[<p><a title="Asperiores sit." href="http://www.bechtelar.org/fugiat-voluptatem-neque-ut-fuga-maiores-aut-sunt" rel="nofollow ugc"></a><a title="Provident qui." href="http://www.dickinson.com/" rel="nofollow ugc"></a><a title="Iste esse sunt sed aut et voluptatum blanditiis." href="https://emmerich.com/dolor-quo-quibusdam-est.html" rel="nofollow ugc"></a><a title="Consequatur error." href="http://www.wyman.info/" rel="nofollow ugc">Odio velit</a> aspernatur minus. Ipsa iure aliquam molestiae qui.</p>
]]></content:encoded>
		
			</item>
	</channel>
</rss>
