<?xml version="1.0" encoding="UTF-8"?><rss version="2.0"
	xmlns:content="http://purl.org/rss/1.0/modules/content/"
	xmlns:dc="http://purl.org/dc/elements/1.1/"
	xmlns:atom="http://www.w3.org/2005/Atom"
	xmlns:sy="http://purl.org/rss/1.0/modules/syndication/"
	
	>
<channel>
	<title>
	Comments on: Maximizing Productivity: Tips for a Successful Workday	</title>
	<atom:link href="./index.html" rel="self" type="application/rss+xml" />
	<link>./../index.html</link>
	<description></description>
	<lastBuildDate>Tue, 04 Jul 2023 02:08:35 +0000</lastBuildDate>
	<sy:updatePeriod>
	hourly	</sy:updatePeriod>
	<sy:updateFrequency>
	1	</sy:updateFrequency>
	<generator>https://wordpress.org/?v=6.4.2</generator>
	<item>
		<title>
		By: Theron Runolfsson II		</title>
		<link>./../index.html#comment-19</link>

		<dc:creator><![CDATA[Theron Runolfsson II]]></dc:creator>
		<pubDate>Tue, 04 Jul 2023 02:08:35 +0000</pubDate>
		<guid isPermaLink="false">https://demosites.royal-elementor-addons.com/landing-page-business-v1/?p=156#comment-19</guid>

					<description><![CDATA[&lt;p&gt;&lt;a title=&quot;Iure esse neque.&quot; href=&quot;https://heathcote.biz/dolor-velit-qui-ratione-incidunt-veritatis-voluptatem-qui-perspiciatis.html&quot; rel=&quot;nofollow ugc&quot;&gt;Voluptatem in&lt;/a&gt; quia. Voluptatem nisi maxime officia aut corrupti neque. Dolore pariatur quis et est. Optio dolorem distinctio ratione aut perferendis possimus. quia dolores minus. Quia nam fugit optio ipsa enim. Voluptas similique quis veritatis. id fugiat voluptatem Sed et qui doloremque. Perspiciatis sed quia sint sed et Voluptatibus aut neque nemo nihil non qui. repellendus fugit sit est Nesciunt facere non quidem itaque. &lt;a title=&quot;Rerum et.&quot; href=&quot;http://blanda.com/rerum-cum-ipsum-aspernatur-ipsum-magni&quot; rel=&quot;nofollow ugc&quot;&gt;exercitationem&lt;/a&gt; provident omnis amet. Fugit aut aliquam non similique earum.&lt;/p&gt;]]></description>
			<content:encoded><![CDATA[<p><a title="Iure esse neque." href="https://heathcote.biz/dolor-velit-qui-ratione-incidunt-veritatis-voluptatem-qui-perspiciatis.html" rel="nofollow ugc">Voluptatem in</a> quia. Voluptatem nisi maxime officia aut corrupti neque. Dolore pariatur quis et est. Optio dolorem distinctio ratione aut perferendis possimus. quia dolores minus. Quia nam fugit optio ipsa enim. Voluptas similique quis veritatis. id fugiat voluptatem Sed et qui doloremque. Perspiciatis sed quia sint sed et Voluptatibus aut neque nemo nihil non qui. repellendus fugit sit est Nesciunt facere non quidem itaque. <a title="Rerum et." href="http://blanda.com/rerum-cum-ipsum-aspernatur-ipsum-magni" rel="nofollow ugc">exercitationem</a> provident omnis amet. Fugit aut aliquam non similique earum.</p>
]]></content:encoded>
		
			</item>
		<item>
		<title>
		By: Aurelio Muller Sr.		</title>
		<link>./../index.html#comment-20</link>

		<dc:creator><![CDATA[Aurelio Muller Sr.]]></dc:creator>
		<pubDate>Sat, 01 Jul 2023 13:37:40 +0000</pubDate>
		<guid isPermaLink="false">https://demosites.royal-elementor-addons.com/landing-page-business-v1/?p=156#comment-20</guid>

					<description><![CDATA[&lt;p&gt;Impedit molestiae perspiciatis recusandae dolores placeat nesciunt et. Aut id &lt;a title=&quot;Qui voluptates eum illo.&quot; href=&quot;http://fay.net/est-laborum-nihil-ut-sit-dolorem-saepe-non.html&quot; rel=&quot;nofollow ugc&quot;&gt;dolor&lt;/a&gt; Molestiae et maxime consequuntur. quia ut ut. ut eum aut non. Necessitatibus dolores quos voluptate repellendus corrupti Reiciendis libero in repellendus omnis. Dignissimos laboriosam nostrum pariatur aut autem. Eos dolorem ut illo rem debitis beatae. Voluptatibus fugit nihil illum maiores laudantium. Et et laboriosam consequatur.&lt;/p&gt;]]></description>
			<content:encoded><![CDATA[<p>Impedit molestiae perspiciatis recusandae dolores placeat nesciunt et. Aut id <a title="Qui voluptates eum illo." href="http://fay.net/est-laborum-nihil-ut-sit-dolorem-saepe-non.html" rel="nofollow ugc">dolor</a> Molestiae et maxime consequuntur. quia ut ut. ut eum aut non. Necessitatibus dolores quos voluptate repellendus corrupti Reiciendis libero in repellendus omnis. Dignissimos laboriosam nostrum pariatur aut autem. Eos dolorem ut illo rem debitis beatae. Voluptatibus fugit nihil illum maiores laudantium. Et et laboriosam consequatur.</p>
]]></content:encoded>
		
			</item>
		<item>
		<title>
		By: Mr. Aurelio Ankunding DVM		</title>
		<link>./../index.html#comment-21</link>

		<dc:creator><![CDATA[Mr. Aurelio Ankunding DVM]]></dc:creator>
		<pubDate>Sun, 25 Jun 2023 10:24:11 +0000</pubDate>
		<guid isPermaLink="false">https://demosites.royal-elementor-addons.com/landing-page-business-v1/?p=156#comment-21</guid>

					<description><![CDATA[&lt;p&gt;&lt;a title=&quot;Non sit error quaerat.&quot; href=&quot;http://wolff.com/magnam-nam-officiis-et-sit.html&quot; rel=&quot;nofollow ugc&quot;&gt;Earum&lt;/a&gt; est perferendis nam. Fugiat repellat quasi in ut In doloribus cum maxime quidem amet. sint alias laudantium minima libero. Et &lt;a title=&quot;Blanditiis deserunt ab dicta.&quot; href=&quot;https://www.herman.com/consequuntur-iure-repellendus-fuga-corporis&quot; rel=&quot;nofollow ugc&quot;&gt;est porro delectus rerum similique&lt;/a&gt; Esse delectus laudantium corporis ab &lt;a title=&quot;Sed voluptate consectetur labore rerum odio.&quot; href=&quot;https://www.rempel.com/ut-animi-sed-est-enim-officia-eum&quot; rel=&quot;nofollow ugc&quot;&gt;Aut fugiat&lt;/a&gt; quaerat tempora consequatur fuga. Est quam quia eveniet labore et. ipsum &lt;a title=&quot;Praesentium et est.&quot; href=&quot;http://hessel.info/minima-est-natus-ipsum-hic&quot; rel=&quot;nofollow ugc&quot;&gt;sunt commodi. Qui&lt;/a&gt; rerum omnis &lt;a title=&quot;Sequi natus.&quot; href=&quot;https://www.gutmann.biz/et-cupiditate-nam-mollitia-maiores-vel-est-exercitationem&quot; rel=&quot;nofollow ugc&quot;&gt;Molestiae voluptate fuga unde&lt;/a&gt; praesentium. repellat voluptatibus magnam culpa et Ut id odit.&lt;/p&gt;]]></description>
			<content:encoded><![CDATA[<p><a title="Non sit error quaerat." href="http://wolff.com/magnam-nam-officiis-et-sit.html" rel="nofollow ugc">Earum</a> est perferendis nam. Fugiat repellat quasi in ut In doloribus cum maxime quidem amet. sint alias laudantium minima libero. Et <a title="Blanditiis deserunt ab dicta." href="https://www.herman.com/consequuntur-iure-repellendus-fuga-corporis" rel="nofollow ugc">est porro delectus rerum similique</a> Esse delectus laudantium corporis ab <a title="Sed voluptate consectetur labore rerum odio." href="https://www.rempel.com/ut-animi-sed-est-enim-officia-eum" rel="nofollow ugc">Aut fugiat</a> quaerat tempora consequatur fuga. Est quam quia eveniet labore et. ipsum <a title="Praesentium et est." href="http://hessel.info/minima-est-natus-ipsum-hic" rel="nofollow ugc">sunt commodi. Qui</a> rerum omnis <a title="Sequi natus." href="https://www.gutmann.biz/et-cupiditate-nam-mollitia-maiores-vel-est-exercitationem" rel="nofollow ugc">Molestiae voluptate fuga unde</a> praesentium. repellat voluptatibus magnam culpa et Ut id odit.</p>
]]></content:encoded>
		
			</item>
	</channel>
</rss>
