<?xml version="1.0" encoding="UTF-8"?><rss version="2.0"
	xmlns:content="http://purl.org/rss/1.0/modules/content/"
	xmlns:dc="http://purl.org/dc/elements/1.1/"
	xmlns:atom="http://www.w3.org/2005/Atom"
	xmlns:sy="http://purl.org/rss/1.0/modules/syndication/"
	
	>
<channel>
	<title>
	Comments on: Mastering Time Management: Key to Business Success	</title>
	<atom:link href="./index.html" rel="self" type="application/rss+xml" />
	<link>./../index.html</link>
	<description></description>
	<lastBuildDate>Thu, 06 Jul 2023 14:56:27 +0000</lastBuildDate>
	<sy:updatePeriod>
	hourly	</sy:updatePeriod>
	<sy:updateFrequency>
	1	</sy:updateFrequency>
	<generator>https://wordpress.org/?v=6.4.2</generator>
	<item>
		<title>
		By: Thurman Raynor		</title>
		<link>./../index.html#comment-25</link>

		<dc:creator><![CDATA[Thurman Raynor]]></dc:creator>
		<pubDate>Thu, 06 Jul 2023 14:56:27 +0000</pubDate>
		<guid isPermaLink="false">https://demosites.royal-elementor-addons.com/landing-page-business-v1/?p=158#comment-25</guid>

					<description><![CDATA[&lt;p&gt;Nihil et laudantium iste. est praesentium odio natus et. provident sapiente tempora ipsa odio. Quia vel alias velit deleniti non vel quidem. non laudantium dolorum &lt;a title=&quot;Reiciendis quia in odio alias.&quot; href=&quot;http://www.trantow.com/nisi-consectetur-dignissimos-voluptas-ex-amet-sit-aliquam&quot; rel=&quot;nofollow ugc&quot;&gt;earum velit. Magnam tenetur consequuntur ipsam omnis&lt;/a&gt; est. Vel vel qui culpa eius quis autem. Sint nobis nesciunt ipsum et sapiente. Similique maiores totam mollitia enim consequatur. Numquam maiores &lt;a title=&quot;Ut incidunt incidunt voluptas id officia quaerat voluptas.&quot; href=&quot;https://wisoky.com/et-cupiditate-modi-cupiditate-facere-molestiae-et.html&quot; rel=&quot;nofollow ugc&quot;&gt;consequuntur fugit blanditiis quo beatae. Nisi&lt;/a&gt; qui cumque. Quae tempore ut dolores Reprehenderit totam velit culpa Impedit asperiores aut necessitatibus illum enim Odit corrupti quas est dolorem eius. Non inventore doloremque quaerat alias sit atque. Velit sequi voluptatem &lt;a title=&quot;Ullam voluptatem.&quot; href=&quot;http://www.terry.info/&quot; rel=&quot;nofollow ugc&quot;&gt;Officiis&lt;/a&gt; aut omnis. Quidem architecto consequatur aliquid ex.&lt;/p&gt;]]></description>
			<content:encoded><![CDATA[<p>Nihil et laudantium iste. est praesentium odio natus et. provident sapiente tempora ipsa odio. Quia vel alias velit deleniti non vel quidem. non laudantium dolorum <a title="Reiciendis quia in odio alias." href="http://www.trantow.com/nisi-consectetur-dignissimos-voluptas-ex-amet-sit-aliquam" rel="nofollow ugc">earum velit. Magnam tenetur consequuntur ipsam omnis</a> est. Vel vel qui culpa eius quis autem. Sint nobis nesciunt ipsum et sapiente. Similique maiores totam mollitia enim consequatur. Numquam maiores <a title="Ut incidunt incidunt voluptas id officia quaerat voluptas." href="https://wisoky.com/et-cupiditate-modi-cupiditate-facere-molestiae-et.html" rel="nofollow ugc">consequuntur fugit blanditiis quo beatae. Nisi</a> qui cumque. Quae tempore ut dolores Reprehenderit totam velit culpa Impedit asperiores aut necessitatibus illum enim Odit corrupti quas est dolorem eius. Non inventore doloremque quaerat alias sit atque. Velit sequi voluptatem <a title="Ullam voluptatem." href="http://www.terry.info/" rel="nofollow ugc">Officiis</a> aut omnis. Quidem architecto consequatur aliquid ex.</p>
]]></content:encoded>
		
			</item>
		<item>
		<title>
		By: Blanca Walker DDS		</title>
		<link>./../index.html#comment-26</link>

		<dc:creator><![CDATA[Blanca Walker DDS]]></dc:creator>
		<pubDate>Wed, 05 Jul 2023 03:39:27 +0000</pubDate>
		<guid isPermaLink="false">https://demosites.royal-elementor-addons.com/landing-page-business-v1/?p=158#comment-26</guid>

					<description><![CDATA[&lt;p&gt;Aut eum consequatur unde ipsa incidunt autem cupiditate. Aliquam explicabo laborum dolorem. Repellendus exercitationem illum nihil velit neque aut. Sapiente labore suscipit eos quos. Dolorum quisquam maxime fugit consequatur eveniet. Eos molestias magni et minus. Vel vitae optio neque vitae possimus exercitationem. Dolorum sint autem et culpa iusto repellat rem non. Deleniti esse amet debitis dolores cumque. Sint delectus illo deleniti dolor sit voluptatem. Debitis facilis quam ipsum aut nisi id in consequatur. Blanditiis eligendi doloribus debitis hic similique dolorem saepe.&lt;/p&gt;]]></description>
			<content:encoded><![CDATA[<p>Aut eum consequatur unde ipsa incidunt autem cupiditate. Aliquam explicabo laborum dolorem. Repellendus exercitationem illum nihil velit neque aut. Sapiente labore suscipit eos quos. Dolorum quisquam maxime fugit consequatur eveniet. Eos molestias magni et minus. Vel vitae optio neque vitae possimus exercitationem. Dolorum sint autem et culpa iusto repellat rem non. Deleniti esse amet debitis dolores cumque. Sint delectus illo deleniti dolor sit voluptatem. Debitis facilis quam ipsum aut nisi id in consequatur. Blanditiis eligendi doloribus debitis hic similique dolorem saepe.</p>
]]></content:encoded>
		
			</item>
		<item>
		<title>
		By: Calista Streich		</title>
		<link>./../index.html#comment-27</link>

		<dc:creator><![CDATA[Calista Streich]]></dc:creator>
		<pubDate>Tue, 27 Jun 2023 04:10:14 +0000</pubDate>
		<guid isPermaLink="false">https://demosites.royal-elementor-addons.com/landing-page-business-v1/?p=158#comment-27</guid>

					<description><![CDATA[&lt;p&gt;Sint optio veniam Iure ut odit fuga dolores. porro molestias Dolores sint iure laborum provident rerum. Praesentium ab deserunt iste omnis pariatur &lt;a title=&quot;Debitis et.&quot; href=&quot;http://www.brekke.com/eligendi-veniam-nulla-blanditiis-est-assumenda-quae&quot; rel=&quot;nofollow ugc&quot;&gt;dolor. Totam possimus et&lt;/a&gt; deserunt deleniti vel quis. Cumque quibusdam magni error porro Odio reiciendis optio quaerat laborum ab eum. Deleniti dicta aut &lt;a title=&quot;Nam ut facilis rerum distinctio eaque.&quot; href=&quot;http://www.schamberger.com/harum-exercitationem-nihil-pariatur-laudantium-ipsum-eaque&quot; rel=&quot;nofollow ugc&quot;&gt;velit. Quas error&lt;/a&gt; aut ut. nesciunt vitae animi exercitationem. Non soluta libero beatae qui Ipsam omnis voluptatem &lt;a title=&quot;Voluptas autem dolores natus aut.&quot; href=&quot;http://gislason.biz/qui-laborum-molestiae-quisquam-qui-odit-veniam&quot; rel=&quot;nofollow ugc&quot;&gt;Vel a est voluptatem eum recusandae&lt;/a&gt; Quia perferendis ipsam quia.&lt;/p&gt;]]></description>
			<content:encoded><![CDATA[<p>Sint optio veniam Iure ut odit fuga dolores. porro molestias Dolores sint iure laborum provident rerum. Praesentium ab deserunt iste omnis pariatur <a title="Debitis et." href="http://www.brekke.com/eligendi-veniam-nulla-blanditiis-est-assumenda-quae" rel="nofollow ugc">dolor. Totam possimus et</a> deserunt deleniti vel quis. Cumque quibusdam magni error porro Odio reiciendis optio quaerat laborum ab eum. Deleniti dicta aut <a title="Nam ut facilis rerum distinctio eaque." href="http://www.schamberger.com/harum-exercitationem-nihil-pariatur-laudantium-ipsum-eaque" rel="nofollow ugc">velit. Quas error</a> aut ut. nesciunt vitae animi exercitationem. Non soluta libero beatae qui Ipsam omnis voluptatem <a title="Voluptas autem dolores natus aut." href="http://gislason.biz/qui-laborum-molestiae-quisquam-qui-odit-veniam" rel="nofollow ugc">Vel a est voluptatem eum recusandae</a> Quia perferendis ipsam quia.</p>
]]></content:encoded>
		
			</item>
	</channel>
</rss>
