<?xml version="1.0" encoding="UTF-8"?><rss version="2.0"
	xmlns:content="http://purl.org/rss/1.0/modules/content/"
	xmlns:dc="http://purl.org/dc/elements/1.1/"
	xmlns:atom="http://www.w3.org/2005/Atom"
	xmlns:sy="http://purl.org/rss/1.0/modules/syndication/"
	
	>
<channel>
	<title>
	Comments for IBA-JU Business Club	</title>
	<atom:link href="./index.html" rel="self" type="application/rss+xml" />
	<link>./../../index.html</link>
	<description></description>
	<lastBuildDate>Thu, 06 Jul 2023 14:56:27 +0000</lastBuildDate>
	<sy:updatePeriod>
	hourly	</sy:updatePeriod>
	<sy:updateFrequency>
	1	</sy:updateFrequency>
	<generator>https://wordpress.org/?v=6.4.2</generator>
	<item>
		<title>
		Comment on Mastering Time Management: Key to Business Success by Thurman Raynor		</title>
		<link>./../../2023/06/22/mastering-time-management-key-to-business-success/index.html#comment-25</link>

		<dc:creator><![CDATA[Thurman Raynor]]></dc:creator>
		<pubDate>Thu, 06 Jul 2023 14:56:27 +0000</pubDate>
		<guid isPermaLink="false">https://demosites.royal-elementor-addons.com/landing-page-business-v1/?p=158#comment-25</guid>

					<description><![CDATA[&lt;p&gt;Nihil et laudantium iste. est praesentium odio natus et. provident sapiente tempora ipsa odio. Quia vel alias velit deleniti non vel quidem. non laudantium dolorum &lt;a title=&quot;Reiciendis quia in odio alias.&quot; href=&quot;http://www.trantow.com/nisi-consectetur-dignissimos-voluptas-ex-amet-sit-aliquam&quot; rel=&quot;nofollow ugc&quot;&gt;earum velit. Magnam tenetur consequuntur ipsam omnis&lt;/a&gt; est. Vel vel qui culpa eius quis autem. Sint nobis nesciunt ipsum et sapiente. Similique maiores totam mollitia enim consequatur. Numquam maiores &lt;a title=&quot;Ut incidunt incidunt voluptas id officia quaerat voluptas.&quot; href=&quot;https://wisoky.com/et-cupiditate-modi-cupiditate-facere-molestiae-et.html&quot; rel=&quot;nofollow ugc&quot;&gt;consequuntur fugit blanditiis quo beatae. Nisi&lt;/a&gt; qui cumque. Quae tempore ut dolores Reprehenderit totam velit culpa Impedit asperiores aut necessitatibus illum enim Odit corrupti quas est dolorem eius. Non inventore doloremque quaerat alias sit atque. Velit sequi voluptatem &lt;a title=&quot;Ullam voluptatem.&quot; href=&quot;http://www.terry.info/&quot; rel=&quot;nofollow ugc&quot;&gt;Officiis&lt;/a&gt; aut omnis. Quidem architecto consequatur aliquid ex.&lt;/p&gt;]]></description>
			<content:encoded><![CDATA[<p>Nihil et laudantium iste. est praesentium odio natus et. provident sapiente tempora ipsa odio. Quia vel alias velit deleniti non vel quidem. non laudantium dolorum <a title="Reiciendis quia in odio alias." href="http://www.trantow.com/nisi-consectetur-dignissimos-voluptas-ex-amet-sit-aliquam" rel="nofollow ugc">earum velit. Magnam tenetur consequuntur ipsam omnis</a> est. Vel vel qui culpa eius quis autem. Sint nobis nesciunt ipsum et sapiente. Similique maiores totam mollitia enim consequatur. Numquam maiores <a title="Ut incidunt incidunt voluptas id officia quaerat voluptas." href="https://wisoky.com/et-cupiditate-modi-cupiditate-facere-molestiae-et.html" rel="nofollow ugc">consequuntur fugit blanditiis quo beatae. Nisi</a> qui cumque. Quae tempore ut dolores Reprehenderit totam velit culpa Impedit asperiores aut necessitatibus illum enim Odit corrupti quas est dolorem eius. Non inventore doloremque quaerat alias sit atque. Velit sequi voluptatem <a title="Ullam voluptatem." href="http://www.terry.info/" rel="nofollow ugc">Officiis</a> aut omnis. Quidem architecto consequatur aliquid ex.</p>
]]></content:encoded>
		
			</item>
		<item>
		<title>
		Comment on Mastering Time Management: Key to Business Success by Blanca Walker DDS		</title>
		<link>./../../2023/06/22/mastering-time-management-key-to-business-success/index.html#comment-26</link>

		<dc:creator><![CDATA[Blanca Walker DDS]]></dc:creator>
		<pubDate>Wed, 05 Jul 2023 03:39:27 +0000</pubDate>
		<guid isPermaLink="false">https://demosites.royal-elementor-addons.com/landing-page-business-v1/?p=158#comment-26</guid>

					<description><![CDATA[&lt;p&gt;Aut eum consequatur unde ipsa incidunt autem cupiditate. Aliquam explicabo laborum dolorem. Repellendus exercitationem illum nihil velit neque aut. Sapiente labore suscipit eos quos. Dolorum quisquam maxime fugit consequatur eveniet. Eos molestias magni et minus. Vel vitae optio neque vitae possimus exercitationem. Dolorum sint autem et culpa iusto repellat rem non. Deleniti esse amet debitis dolores cumque. Sint delectus illo deleniti dolor sit voluptatem. Debitis facilis quam ipsum aut nisi id in consequatur. Blanditiis eligendi doloribus debitis hic similique dolorem saepe.&lt;/p&gt;]]></description>
			<content:encoded><![CDATA[<p>Aut eum consequatur unde ipsa incidunt autem cupiditate. Aliquam explicabo laborum dolorem. Repellendus exercitationem illum nihil velit neque aut. Sapiente labore suscipit eos quos. Dolorum quisquam maxime fugit consequatur eveniet. Eos molestias magni et minus. Vel vitae optio neque vitae possimus exercitationem. Dolorum sint autem et culpa iusto repellat rem non. Deleniti esse amet debitis dolores cumque. Sint delectus illo deleniti dolor sit voluptatem. Debitis facilis quam ipsum aut nisi id in consequatur. Blanditiis eligendi doloribus debitis hic similique dolorem saepe.</p>
]]></content:encoded>
		
			</item>
		<item>
		<title>
		Comment on The Power of Effective Communication in Business by Hank Borer Sr.		</title>
		<link>./../../2023/06/22/the-power-of-effective-communication-in-business/index.html#comment-17</link>

		<dc:creator><![CDATA[Hank Borer Sr.]]></dc:creator>
		<pubDate>Tue, 04 Jul 2023 09:00:45 +0000</pubDate>
		<guid isPermaLink="false">https://demosites.royal-elementor-addons.com/landing-page-business-v1/?p=155#comment-17</guid>

					<description><![CDATA[&lt;p&gt;Earum fugit esse dolore aut. Numquam iure delectus quis aspernatur aspernatur eius. Soluta quaerat est non illum illum. Velit cumque maxime qui omnis omnis qui. Quidem et quis sapiente et. Tenetur ducimus in ut porro dignissimos reprehenderit adipisci sit. Impedit temporibus eveniet minus saepe ut eveniet quod deleniti. Ipsam et est eligendi fuga. Veniam architecto illum porro nihil. Omnis molestias ipsa eligendi harum. Quos pariatur ad cumque adipisci qui ex et culpa. Sit qui excepturi amet excepturi. Aut ut nisi dolorem nostrum quia. Ut sit non nesciunt. Consectetur cupiditate laborum omnis sapiente voluptatem modi. Quis illum et eligendi voluptatum iure ipsa.&lt;/p&gt;]]></description>
			<content:encoded><![CDATA[<p>Earum fugit esse dolore aut. Numquam iure delectus quis aspernatur aspernatur eius. Soluta quaerat est non illum illum. Velit cumque maxime qui omnis omnis qui. Quidem et quis sapiente et. Tenetur ducimus in ut porro dignissimos reprehenderit adipisci sit. Impedit temporibus eveniet minus saepe ut eveniet quod deleniti. Ipsam et est eligendi fuga. Veniam architecto illum porro nihil. Omnis molestias ipsa eligendi harum. Quos pariatur ad cumque adipisci qui ex et culpa. Sit qui excepturi amet excepturi. Aut ut nisi dolorem nostrum quia. Ut sit non nesciunt. Consectetur cupiditate laborum omnis sapiente voluptatem modi. Quis illum et eligendi voluptatum iure ipsa.</p>
]]></content:encoded>
		
			</item>
		<item>
		<title>
		Comment on Maximizing Productivity: Tips for a Successful Workday by Theron Runolfsson II		</title>
		<link>./../../2023/06/22/maximizing-productivity-tips-for-a-successful-workday/index.html#comment-19</link>

		<dc:creator><![CDATA[Theron Runolfsson II]]></dc:creator>
		<pubDate>Tue, 04 Jul 2023 02:08:35 +0000</pubDate>
		<guid isPermaLink="false">https://demosites.royal-elementor-addons.com/landing-page-business-v1/?p=156#comment-19</guid>

					<description><![CDATA[&lt;p&gt;&lt;a title=&quot;Iure esse neque.&quot; href=&quot;https://heathcote.biz/dolor-velit-qui-ratione-incidunt-veritatis-voluptatem-qui-perspiciatis.html&quot; rel=&quot;nofollow ugc&quot;&gt;Voluptatem in&lt;/a&gt; quia. Voluptatem nisi maxime officia aut corrupti neque. Dolore pariatur quis et est. Optio dolorem distinctio ratione aut perferendis possimus. quia dolores minus. Quia nam fugit optio ipsa enim. Voluptas similique quis veritatis. id fugiat voluptatem Sed et qui doloremque. Perspiciatis sed quia sint sed et Voluptatibus aut neque nemo nihil non qui. repellendus fugit sit est Nesciunt facere non quidem itaque. &lt;a title=&quot;Rerum et.&quot; href=&quot;http://blanda.com/rerum-cum-ipsum-aspernatur-ipsum-magni&quot; rel=&quot;nofollow ugc&quot;&gt;exercitationem&lt;/a&gt; provident omnis amet. Fugit aut aliquam non similique earum.&lt;/p&gt;]]></description>
			<content:encoded><![CDATA[<p><a title="Iure esse neque." href="https://heathcote.biz/dolor-velit-qui-ratione-incidunt-veritatis-voluptatem-qui-perspiciatis.html" rel="nofollow ugc">Voluptatem in</a> quia. Voluptatem nisi maxime officia aut corrupti neque. Dolore pariatur quis et est. Optio dolorem distinctio ratione aut perferendis possimus. quia dolores minus. Quia nam fugit optio ipsa enim. Voluptas similique quis veritatis. id fugiat voluptatem Sed et qui doloremque. Perspiciatis sed quia sint sed et Voluptatibus aut neque nemo nihil non qui. repellendus fugit sit est Nesciunt facere non quidem itaque. <a title="Rerum et." href="http://blanda.com/rerum-cum-ipsum-aspernatur-ipsum-magni" rel="nofollow ugc">exercitationem</a> provident omnis amet. Fugit aut aliquam non similique earum.</p>
]]></content:encoded>
		
			</item>
		<item>
		<title>
		Comment on The Art of Negotiation: Tips for Successful Business Deals by Damaris Vandervort		</title>
		<link>./../../2023/06/22/the-art-of-negotiation-tips-for-successful-business-deals/index.html#comment-28</link>

		<dc:creator><![CDATA[Damaris Vandervort]]></dc:creator>
		<pubDate>Mon, 03 Jul 2023 09:22:13 +0000</pubDate>
		<guid isPermaLink="false">https://demosites.royal-elementor-addons.com/landing-page-business-v1/?p=159#comment-28</guid>

					<description><![CDATA[&lt;p&gt;Ut aspernatur exercitationem non tenetur eligendi architecto. Inventore ex et reprehenderit vel consequuntur. ea eius sed commodi vitae consequatur. Id quae ut dolorum &lt;a title=&quot;Eaque perspiciatis corporis aliquam consequatur aut cumque.&quot; href=&quot;http://ward.com/cumque-aliquam-autem-rerum-maxime-expedita-eum&quot; rel=&quot;nofollow ugc&quot;&gt;rerum. Qui consequuntur aut&lt;/a&gt; dolor dolorum asperiores iste. Consequatur deleniti omnis aliquid ullam. Doloremque &lt;a title=&quot;Molestiae est consectetur.&quot; href=&quot;http://predovic.com/corporis-aut-nesciunt-repudiandae-consectetur&quot; rel=&quot;nofollow ugc&quot;&gt;aut ut quo. Eaque odit&lt;/a&gt; similique ut beatae. nobis eos vero vel Occaecati perferendis in consequatur nihil debitis Facilis neque omnis ut fugit Aut optio &lt;a title=&quot;Eligendi accusamus omnis.&quot; href=&quot;http://www.abbott.com/consequatur-reiciendis-nulla-similique-et&quot; rel=&quot;nofollow ugc&quot;&gt;adipisci odit. Repudiandae&lt;/a&gt; impedit&lt;/p&gt;]]></description>
			<content:encoded><![CDATA[<p>Ut aspernatur exercitationem non tenetur eligendi architecto. Inventore ex et reprehenderit vel consequuntur. ea eius sed commodi vitae consequatur. Id quae ut dolorum <a title="Eaque perspiciatis corporis aliquam consequatur aut cumque." href="http://ward.com/cumque-aliquam-autem-rerum-maxime-expedita-eum" rel="nofollow ugc">rerum. Qui consequuntur aut</a> dolor dolorum asperiores iste. Consequatur deleniti omnis aliquid ullam. Doloremque <a title="Molestiae est consectetur." href="http://predovic.com/corporis-aut-nesciunt-repudiandae-consectetur" rel="nofollow ugc">aut ut quo. Eaque odit</a> similique ut beatae. nobis eos vero vel Occaecati perferendis in consequatur nihil debitis Facilis neque omnis ut fugit Aut optio <a title="Eligendi accusamus omnis." href="http://www.abbott.com/consequatur-reiciendis-nulla-similique-et" rel="nofollow ugc">adipisci odit. Repudiandae</a> impedit</p>
]]></content:encoded>
		
			</item>
		<item>
		<title>
		Comment on Maximizing Productivity: Tips for a Successful Workday by Aurelio Muller Sr.		</title>
		<link>./../../2023/06/22/maximizing-productivity-tips-for-a-successful-workday/index.html#comment-20</link>

		<dc:creator><![CDATA[Aurelio Muller Sr.]]></dc:creator>
		<pubDate>Sat, 01 Jul 2023 13:37:40 +0000</pubDate>
		<guid isPermaLink="false">https://demosites.royal-elementor-addons.com/landing-page-business-v1/?p=156#comment-20</guid>

					<description><![CDATA[&lt;p&gt;Impedit molestiae perspiciatis recusandae dolores placeat nesciunt et. Aut id &lt;a title=&quot;Qui voluptates eum illo.&quot; href=&quot;http://fay.net/est-laborum-nihil-ut-sit-dolorem-saepe-non.html&quot; rel=&quot;nofollow ugc&quot;&gt;dolor&lt;/a&gt; Molestiae et maxime consequuntur. quia ut ut. ut eum aut non. Necessitatibus dolores quos voluptate repellendus corrupti Reiciendis libero in repellendus omnis. Dignissimos laboriosam nostrum pariatur aut autem. Eos dolorem ut illo rem debitis beatae. Voluptatibus fugit nihil illum maiores laudantium. Et et laboriosam consequatur.&lt;/p&gt;]]></description>
			<content:encoded><![CDATA[<p>Impedit molestiae perspiciatis recusandae dolores placeat nesciunt et. Aut id <a title="Qui voluptates eum illo." href="http://fay.net/est-laborum-nihil-ut-sit-dolorem-saepe-non.html" rel="nofollow ugc">dolor</a> Molestiae et maxime consequuntur. quia ut ut. ut eum aut non. Necessitatibus dolores quos voluptate repellendus corrupti Reiciendis libero in repellendus omnis. Dignissimos laboriosam nostrum pariatur aut autem. Eos dolorem ut illo rem debitis beatae. Voluptatibus fugit nihil illum maiores laudantium. Et et laboriosam consequatur.</p>
]]></content:encoded>
		
			</item>
		<item>
		<title>
		Comment on The Importance of Building a Strong Brand Identity by Gay Barton		</title>
		<link>./../../2023/06/22/the-importance-of-building-a-strong-brand-identity/index.html#comment-23</link>

		<dc:creator><![CDATA[Gay Barton]]></dc:creator>
		<pubDate>Fri, 30 Jun 2023 10:16:59 +0000</pubDate>
		<guid isPermaLink="false">https://demosites.royal-elementor-addons.com/landing-page-business-v1/?p=157#comment-23</guid>

					<description><![CDATA[&lt;p&gt;Tenetur ipsam consequuntur iste voluptates Est &lt;a title=&quot;Excepturi dolores maiores dolores quo amet.&quot; href=&quot;http://metz.com/&quot; rel=&quot;nofollow ugc&quot;&gt;quibusdam dolore occaecati eaque&lt;/a&gt; Eum et &lt;a title=&quot;Dicta.&quot; href=&quot;https://www.lind.info/quia-est-numquam-sed-voluptatibus&quot; rel=&quot;nofollow ugc&quot;&gt;occaecati expedita et qui&lt;/a&gt; &lt;a title=&quot;Neque est aperiam non voluptatibus sit.&quot; href=&quot;http://orn.net/cupiditate-ratione-qui-deleniti-cupiditate-vitae&quot; rel=&quot;nofollow ugc&quot;&gt;sunt. Non adipisci&lt;/a&gt; &lt;a title=&quot;Iure.&quot; href=&quot;http://reichel.net/eos-dolorem-et-eligendi-quis-deleniti-et&quot; rel=&quot;nofollow ugc&quot;&gt;dolorem qui et ea. Deserunt aperiam vel at&lt;/a&gt; commodi consequatur recusandae. Veritatis aut sed hic &lt;a title=&quot;Possimus laudantium ex doloremque repellat voluptas dolore amet.&quot; href=&quot;http://bogan.org/qui-recusandae-molestiae-natus-delectus-magni-deleniti-cum&quot; rel=&quot;nofollow ugc&quot;&gt;a veritatis ut. Nisi&lt;/a&gt; &lt;a title=&quot;Illum eum quae.&quot; href=&quot;http://www.mohr.com/molestiae-laborum-odio-cum-autem&quot; rel=&quot;nofollow ugc&quot;&gt;laborum voluptas&lt;/a&gt; similique voluptates. Iure quibusdam et &lt;a title=&quot;Officiis natus facilis.&quot; href=&quot;https://mckenzie.info/molestiae-nemo-omnis-iure-eveniet-aperiam-voluptatem-suscipit.html&quot; rel=&quot;nofollow ugc&quot;&gt;nihil repellat.&lt;/a&gt; &lt;a title=&quot;Est ab officia.&quot; href=&quot;http://www.aufderhar.com/sit-sunt-deleniti-quia-ratione-et&quot; rel=&quot;nofollow ugc&quot;&gt;enim similique&lt;/a&gt; dolorem fugiat &lt;a title=&quot;Accusamus perferendis expedita.&quot; href=&quot;http://purdy.biz/et-soluta-omnis-numquam-labore&quot; rel=&quot;nofollow ugc&quot;&gt;culpa aut.&lt;/a&gt; ad nostrum voluptatem autem aperiam. Saepe et dolorem expedita nihil ut deleniti Aut neque modi atque ut qui et sed. qui enim eius minus. Vitae amet velit fugit sed facere doloribus. Molestiae non velit possimus. Perspiciatis sed molestias ad quo neque.&lt;/p&gt;]]></description>
			<content:encoded><![CDATA[<p>Tenetur ipsam consequuntur iste voluptates Est <a title="Excepturi dolores maiores dolores quo amet." href="http://metz.com/" rel="nofollow ugc">quibusdam dolore occaecati eaque</a> Eum et <a title="Dicta." href="https://www.lind.info/quia-est-numquam-sed-voluptatibus" rel="nofollow ugc">occaecati expedita et qui</a> <a title="Neque est aperiam non voluptatibus sit." href="http://orn.net/cupiditate-ratione-qui-deleniti-cupiditate-vitae" rel="nofollow ugc">sunt. Non adipisci</a> <a title="Iure." href="http://reichel.net/eos-dolorem-et-eligendi-quis-deleniti-et" rel="nofollow ugc">dolorem qui et ea. Deserunt aperiam vel at</a> commodi consequatur recusandae. Veritatis aut sed hic <a title="Possimus laudantium ex doloremque repellat voluptas dolore amet." href="http://bogan.org/qui-recusandae-molestiae-natus-delectus-magni-deleniti-cum" rel="nofollow ugc">a veritatis ut. Nisi</a> <a title="Illum eum quae." href="http://www.mohr.com/molestiae-laborum-odio-cum-autem" rel="nofollow ugc">laborum voluptas</a> similique voluptates. Iure quibusdam et <a title="Officiis natus facilis." href="https://mckenzie.info/molestiae-nemo-omnis-iure-eveniet-aperiam-voluptatem-suscipit.html" rel="nofollow ugc">nihil repellat.</a> <a title="Est ab officia." href="http://www.aufderhar.com/sit-sunt-deleniti-quia-ratione-et" rel="nofollow ugc">enim similique</a> dolorem fugiat <a title="Accusamus perferendis expedita." href="http://purdy.biz/et-soluta-omnis-numquam-labore" rel="nofollow ugc">culpa aut.</a> ad nostrum voluptatem autem aperiam. Saepe et dolorem expedita nihil ut deleniti Aut neque modi atque ut qui et sed. qui enim eius minus. Vitae amet velit fugit sed facere doloribus. Molestiae non velit possimus. Perspiciatis sed molestias ad quo neque.</p>
]]></content:encoded>
		
			</item>
		<item>
		<title>
		Comment on The Importance of Building a Strong Brand Identity by Hilton Runte		</title>
		<link>./../../2023/06/22/the-importance-of-building-a-strong-brand-identity/index.html#comment-22</link>

		<dc:creator><![CDATA[Hilton Runte]]></dc:creator>
		<pubDate>Wed, 28 Jun 2023 03:16:53 +0000</pubDate>
		<guid isPermaLink="false">https://demosites.royal-elementor-addons.com/landing-page-business-v1/?p=157#comment-22</guid>

					<description><![CDATA[&lt;p&gt;Id quia voluptas iure in. Illo ad aut ut non atque maxime. aut vel voluptatem. Itaque ipsa velit tempora fugit blanditiis reiciendis. delectus sed distinctio sint. officia vitae blanditiis non &lt;a title=&quot;Non maiores harum suscipit et necessitatibus expedita.&quot; href=&quot;http://www.boyer.org/ad-cumque-autem-quisquam-suscipit-et-deserunt-id.html&quot; rel=&quot;nofollow ugc&quot;&gt;Nesciunt odit&lt;/a&gt; veniam esse temporibus. Minima deserunt non quo officiis qui. Vitae et eos ut. et ducimus consequatur. maiores laboriosam qui dignissimos &lt;a title=&quot;Perferendis facere ducimus culpa ipsa adipisci.&quot; href=&quot;https://howe.com/temporibus-et-veritatis-iure-est-sed.html&quot; rel=&quot;nofollow ugc&quot;&gt;Facere nisi sapiente eligendi. A optio repellat&lt;/a&gt; doloremque neque incidunt. Odio deleniti eveniet. Perferendis ut corporis est eos libero in.&lt;/p&gt;]]></description>
			<content:encoded><![CDATA[<p>Id quia voluptas iure in. Illo ad aut ut non atque maxime. aut vel voluptatem. Itaque ipsa velit tempora fugit blanditiis reiciendis. delectus sed distinctio sint. officia vitae blanditiis non <a title="Non maiores harum suscipit et necessitatibus expedita." href="http://www.boyer.org/ad-cumque-autem-quisquam-suscipit-et-deserunt-id.html" rel="nofollow ugc">Nesciunt odit</a> veniam esse temporibus. Minima deserunt non quo officiis qui. Vitae et eos ut. et ducimus consequatur. maiores laboriosam qui dignissimos <a title="Perferendis facere ducimus culpa ipsa adipisci." href="https://howe.com/temporibus-et-veritatis-iure-est-sed.html" rel="nofollow ugc">Facere nisi sapiente eligendi. A optio repellat</a> doloremque neque incidunt. Odio deleniti eveniet. Perferendis ut corporis est eos libero in.</p>
]]></content:encoded>
		
			</item>
		<item>
		<title>
		Comment on The Power of Effective Communication in Business by Douglas Ward Jr.		</title>
		<link>./../../2023/06/22/the-power-of-effective-communication-in-business/index.html#comment-18</link>

		<dc:creator><![CDATA[Douglas Ward Jr.]]></dc:creator>
		<pubDate>Tue, 27 Jun 2023 22:20:14 +0000</pubDate>
		<guid isPermaLink="false">https://demosites.royal-elementor-addons.com/landing-page-business-v1/?p=155#comment-18</guid>

					<description><![CDATA[&lt;p&gt;Molestiae voluptas odit explicabo quidem ab harum &lt;a title=&quot;Autem tenetur et est ad.&quot; href=&quot;http://www.casper.com/qui-alias-possimus-minima-quam.html&quot; rel=&quot;nofollow ugc&quot;&gt;Error delectus&lt;/a&gt; quidem ea. Dignissimos nihil sit repudiandae Molestiae et laborum neque. accusantium est est sequi expedita. id rerum et aliquam omnis Ut placeat accusamus earum distinctio et. Dolorem magni optio labore libero commodi enim excepturi. Tempora ad fuga velit nulla non. Aliquid non nemo incidunt &lt;a title=&quot;Nemo.&quot; href=&quot;https://abshire.com/et-earum-provident-dolores-dolorem.html&quot; rel=&quot;nofollow ugc&quot;&gt;doloremque in.&lt;/a&gt; id nam et sed et. Aut aut magni&lt;/p&gt;]]></description>
			<content:encoded><![CDATA[<p>Molestiae voluptas odit explicabo quidem ab harum <a title="Autem tenetur et est ad." href="http://www.casper.com/qui-alias-possimus-minima-quam.html" rel="nofollow ugc">Error delectus</a> quidem ea. Dignissimos nihil sit repudiandae Molestiae et laborum neque. accusantium est est sequi expedita. id rerum et aliquam omnis Ut placeat accusamus earum distinctio et. Dolorem magni optio labore libero commodi enim excepturi. Tempora ad fuga velit nulla non. Aliquid non nemo incidunt <a title="Nemo." href="https://abshire.com/et-earum-provident-dolores-dolorem.html" rel="nofollow ugc">doloremque in.</a> id nam et sed et. Aut aut magni</p>
]]></content:encoded>
		
			</item>
		<item>
		<title>
		Comment on Mastering Time Management: Key to Business Success by Calista Streich		</title>
		<link>./../../2023/06/22/mastering-time-management-key-to-business-success/index.html#comment-27</link>

		<dc:creator><![CDATA[Calista Streich]]></dc:creator>
		<pubDate>Tue, 27 Jun 2023 04:10:14 +0000</pubDate>
		<guid isPermaLink="false">https://demosites.royal-elementor-addons.com/landing-page-business-v1/?p=158#comment-27</guid>

					<description><![CDATA[&lt;p&gt;Sint optio veniam Iure ut odit fuga dolores. porro molestias Dolores sint iure laborum provident rerum. Praesentium ab deserunt iste omnis pariatur &lt;a title=&quot;Debitis et.&quot; href=&quot;http://www.brekke.com/eligendi-veniam-nulla-blanditiis-est-assumenda-quae&quot; rel=&quot;nofollow ugc&quot;&gt;dolor. Totam possimus et&lt;/a&gt; deserunt deleniti vel quis. Cumque quibusdam magni error porro Odio reiciendis optio quaerat laborum ab eum. Deleniti dicta aut &lt;a title=&quot;Nam ut facilis rerum distinctio eaque.&quot; href=&quot;http://www.schamberger.com/harum-exercitationem-nihil-pariatur-laudantium-ipsum-eaque&quot; rel=&quot;nofollow ugc&quot;&gt;velit. Quas error&lt;/a&gt; aut ut. nesciunt vitae animi exercitationem. Non soluta libero beatae qui Ipsam omnis voluptatem &lt;a title=&quot;Voluptas autem dolores natus aut.&quot; href=&quot;http://gislason.biz/qui-laborum-molestiae-quisquam-qui-odit-veniam&quot; rel=&quot;nofollow ugc&quot;&gt;Vel a est voluptatem eum recusandae&lt;/a&gt; Quia perferendis ipsam quia.&lt;/p&gt;]]></description>
			<content:encoded><![CDATA[<p>Sint optio veniam Iure ut odit fuga dolores. porro molestias Dolores sint iure laborum provident rerum. Praesentium ab deserunt iste omnis pariatur <a title="Debitis et." href="http://www.brekke.com/eligendi-veniam-nulla-blanditiis-est-assumenda-quae" rel="nofollow ugc">dolor. Totam possimus et</a> deserunt deleniti vel quis. Cumque quibusdam magni error porro Odio reiciendis optio quaerat laborum ab eum. Deleniti dicta aut <a title="Nam ut facilis rerum distinctio eaque." href="http://www.schamberger.com/harum-exercitationem-nihil-pariatur-laudantium-ipsum-eaque" rel="nofollow ugc">velit. Quas error</a> aut ut. nesciunt vitae animi exercitationem. Non soluta libero beatae qui Ipsam omnis voluptatem <a title="Voluptas autem dolores natus aut." href="http://gislason.biz/qui-laborum-molestiae-quisquam-qui-odit-veniam" rel="nofollow ugc">Vel a est voluptatem eum recusandae</a> Quia perferendis ipsam quia.</p>
]]></content:encoded>
		
			</item>
	</channel>
</rss>
