<?xml version="1.0" encoding="UTF-8"?><rss version="2.0"
	xmlns:content="http://purl.org/rss/1.0/modules/content/"
	xmlns:dc="http://purl.org/dc/elements/1.1/"
	xmlns:atom="http://www.w3.org/2005/Atom"
	xmlns:sy="http://purl.org/rss/1.0/modules/syndication/"
	
	>
<channel>
	<title>
	Comments on: The Power of Effective Communication in Business	</title>
	<atom:link href="./index.html" rel="self" type="application/rss+xml" />
	<link>./../index.html</link>
	<description></description>
	<lastBuildDate>Tue, 04 Jul 2023 09:00:45 +0000</lastBuildDate>
	<sy:updatePeriod>
	hourly	</sy:updatePeriod>
	<sy:updateFrequency>
	1	</sy:updateFrequency>
	<generator>https://wordpress.org/?v=6.4.2</generator>
	<item>
		<title>
		By: Hank Borer Sr.		</title>
		<link>./../index.html#comment-17</link>

		<dc:creator><![CDATA[Hank Borer Sr.]]></dc:creator>
		<pubDate>Tue, 04 Jul 2023 09:00:45 +0000</pubDate>
		<guid isPermaLink="false">https://demosites.royal-elementor-addons.com/landing-page-business-v1/?p=155#comment-17</guid>

					<description><![CDATA[&lt;p&gt;Earum fugit esse dolore aut. Numquam iure delectus quis aspernatur aspernatur eius. Soluta quaerat est non illum illum. Velit cumque maxime qui omnis omnis qui. Quidem et quis sapiente et. Tenetur ducimus in ut porro dignissimos reprehenderit adipisci sit. Impedit temporibus eveniet minus saepe ut eveniet quod deleniti. Ipsam et est eligendi fuga. Veniam architecto illum porro nihil. Omnis molestias ipsa eligendi harum. Quos pariatur ad cumque adipisci qui ex et culpa. Sit qui excepturi amet excepturi. Aut ut nisi dolorem nostrum quia. Ut sit non nesciunt. Consectetur cupiditate laborum omnis sapiente voluptatem modi. Quis illum et eligendi voluptatum iure ipsa.&lt;/p&gt;]]></description>
			<content:encoded><![CDATA[<p>Earum fugit esse dolore aut. Numquam iure delectus quis aspernatur aspernatur eius. Soluta quaerat est non illum illum. Velit cumque maxime qui omnis omnis qui. Quidem et quis sapiente et. Tenetur ducimus in ut porro dignissimos reprehenderit adipisci sit. Impedit temporibus eveniet minus saepe ut eveniet quod deleniti. Ipsam et est eligendi fuga. Veniam architecto illum porro nihil. Omnis molestias ipsa eligendi harum. Quos pariatur ad cumque adipisci qui ex et culpa. Sit qui excepturi amet excepturi. Aut ut nisi dolorem nostrum quia. Ut sit non nesciunt. Consectetur cupiditate laborum omnis sapiente voluptatem modi. Quis illum et eligendi voluptatum iure ipsa.</p>
]]></content:encoded>
		
			</item>
		<item>
		<title>
		By: Douglas Ward Jr.		</title>
		<link>./../index.html#comment-18</link>

		<dc:creator><![CDATA[Douglas Ward Jr.]]></dc:creator>
		<pubDate>Tue, 27 Jun 2023 22:20:14 +0000</pubDate>
		<guid isPermaLink="false">https://demosites.royal-elementor-addons.com/landing-page-business-v1/?p=155#comment-18</guid>

					<description><![CDATA[&lt;p&gt;Molestiae voluptas odit explicabo quidem ab harum &lt;a title=&quot;Autem tenetur et est ad.&quot; href=&quot;http://www.casper.com/qui-alias-possimus-minima-quam.html&quot; rel=&quot;nofollow ugc&quot;&gt;Error delectus&lt;/a&gt; quidem ea. Dignissimos nihil sit repudiandae Molestiae et laborum neque. accusantium est est sequi expedita. id rerum et aliquam omnis Ut placeat accusamus earum distinctio et. Dolorem magni optio labore libero commodi enim excepturi. Tempora ad fuga velit nulla non. Aliquid non nemo incidunt &lt;a title=&quot;Nemo.&quot; href=&quot;https://abshire.com/et-earum-provident-dolores-dolorem.html&quot; rel=&quot;nofollow ugc&quot;&gt;doloremque in.&lt;/a&gt; id nam et sed et. Aut aut magni&lt;/p&gt;]]></description>
			<content:encoded><![CDATA[<p>Molestiae voluptas odit explicabo quidem ab harum <a title="Autem tenetur et est ad." href="http://www.casper.com/qui-alias-possimus-minima-quam.html" rel="nofollow ugc">Error delectus</a> quidem ea. Dignissimos nihil sit repudiandae Molestiae et laborum neque. accusantium est est sequi expedita. id rerum et aliquam omnis Ut placeat accusamus earum distinctio et. Dolorem magni optio labore libero commodi enim excepturi. Tempora ad fuga velit nulla non. Aliquid non nemo incidunt <a title="Nemo." href="https://abshire.com/et-earum-provident-dolores-dolorem.html" rel="nofollow ugc">doloremque in.</a> id nam et sed et. Aut aut magni</p>
]]></content:encoded>
		
			</item>
	</channel>
</rss>
