<?xml version="1.0" encoding="UTF-8"?><rss version="2.0"
	xmlns:content="http://purl.org/rss/1.0/modules/content/"
	xmlns:dc="http://purl.org/dc/elements/1.1/"
	xmlns:atom="http://www.w3.org/2005/Atom"
	xmlns:sy="http://purl.org/rss/1.0/modules/syndication/"
	
	>
<channel>
	<title>
	Comments on: The Importance of Building a Strong Brand Identity	</title>
	<atom:link href="./index.html" rel="self" type="application/rss+xml" />
	<link>./../index.html</link>
	<description></description>
	<lastBuildDate>Fri, 30 Jun 2023 10:16:59 +0000</lastBuildDate>
	<sy:updatePeriod>
	hourly	</sy:updatePeriod>
	<sy:updateFrequency>
	1	</sy:updateFrequency>
	<generator>https://wordpress.org/?v=6.4.2</generator>
	<item>
		<title>
		By: Gay Barton		</title>
		<link>./../index.html#comment-23</link>

		<dc:creator><![CDATA[Gay Barton]]></dc:creator>
		<pubDate>Fri, 30 Jun 2023 10:16:59 +0000</pubDate>
		<guid isPermaLink="false">https://demosites.royal-elementor-addons.com/landing-page-business-v1/?p=157#comment-23</guid>

					<description><![CDATA[&lt;p&gt;Tenetur ipsam consequuntur iste voluptates Est &lt;a title=&quot;Excepturi dolores maiores dolores quo amet.&quot; href=&quot;http://metz.com/&quot; rel=&quot;nofollow ugc&quot;&gt;quibusdam dolore occaecati eaque&lt;/a&gt; Eum et &lt;a title=&quot;Dicta.&quot; href=&quot;https://www.lind.info/quia-est-numquam-sed-voluptatibus&quot; rel=&quot;nofollow ugc&quot;&gt;occaecati expedita et qui&lt;/a&gt; &lt;a title=&quot;Neque est aperiam non voluptatibus sit.&quot; href=&quot;http://orn.net/cupiditate-ratione-qui-deleniti-cupiditate-vitae&quot; rel=&quot;nofollow ugc&quot;&gt;sunt. Non adipisci&lt;/a&gt; &lt;a title=&quot;Iure.&quot; href=&quot;http://reichel.net/eos-dolorem-et-eligendi-quis-deleniti-et&quot; rel=&quot;nofollow ugc&quot;&gt;dolorem qui et ea. Deserunt aperiam vel at&lt;/a&gt; commodi consequatur recusandae. Veritatis aut sed hic &lt;a title=&quot;Possimus laudantium ex doloremque repellat voluptas dolore amet.&quot; href=&quot;http://bogan.org/qui-recusandae-molestiae-natus-delectus-magni-deleniti-cum&quot; rel=&quot;nofollow ugc&quot;&gt;a veritatis ut. Nisi&lt;/a&gt; &lt;a title=&quot;Illum eum quae.&quot; href=&quot;http://www.mohr.com/molestiae-laborum-odio-cum-autem&quot; rel=&quot;nofollow ugc&quot;&gt;laborum voluptas&lt;/a&gt; similique voluptates. Iure quibusdam et &lt;a title=&quot;Officiis natus facilis.&quot; href=&quot;https://mckenzie.info/molestiae-nemo-omnis-iure-eveniet-aperiam-voluptatem-suscipit.html&quot; rel=&quot;nofollow ugc&quot;&gt;nihil repellat.&lt;/a&gt; &lt;a title=&quot;Est ab officia.&quot; href=&quot;http://www.aufderhar.com/sit-sunt-deleniti-quia-ratione-et&quot; rel=&quot;nofollow ugc&quot;&gt;enim similique&lt;/a&gt; dolorem fugiat &lt;a title=&quot;Accusamus perferendis expedita.&quot; href=&quot;http://purdy.biz/et-soluta-omnis-numquam-labore&quot; rel=&quot;nofollow ugc&quot;&gt;culpa aut.&lt;/a&gt; ad nostrum voluptatem autem aperiam. Saepe et dolorem expedita nihil ut deleniti Aut neque modi atque ut qui et sed. qui enim eius minus. Vitae amet velit fugit sed facere doloribus. Molestiae non velit possimus. Perspiciatis sed molestias ad quo neque.&lt;/p&gt;]]></description>
			<content:encoded><![CDATA[<p>Tenetur ipsam consequuntur iste voluptates Est <a title="Excepturi dolores maiores dolores quo amet." href="http://metz.com/" rel="nofollow ugc">quibusdam dolore occaecati eaque</a> Eum et <a title="Dicta." href="https://www.lind.info/quia-est-numquam-sed-voluptatibus" rel="nofollow ugc">occaecati expedita et qui</a> <a title="Neque est aperiam non voluptatibus sit." href="http://orn.net/cupiditate-ratione-qui-deleniti-cupiditate-vitae" rel="nofollow ugc">sunt. Non adipisci</a> <a title="Iure." href="http://reichel.net/eos-dolorem-et-eligendi-quis-deleniti-et" rel="nofollow ugc">dolorem qui et ea. Deserunt aperiam vel at</a> commodi consequatur recusandae. Veritatis aut sed hic <a title="Possimus laudantium ex doloremque repellat voluptas dolore amet." href="http://bogan.org/qui-recusandae-molestiae-natus-delectus-magni-deleniti-cum" rel="nofollow ugc">a veritatis ut. Nisi</a> <a title="Illum eum quae." href="http://www.mohr.com/molestiae-laborum-odio-cum-autem" rel="nofollow ugc">laborum voluptas</a> similique voluptates. Iure quibusdam et <a title="Officiis natus facilis." href="https://mckenzie.info/molestiae-nemo-omnis-iure-eveniet-aperiam-voluptatem-suscipit.html" rel="nofollow ugc">nihil repellat.</a> <a title="Est ab officia." href="http://www.aufderhar.com/sit-sunt-deleniti-quia-ratione-et" rel="nofollow ugc">enim similique</a> dolorem fugiat <a title="Accusamus perferendis expedita." href="http://purdy.biz/et-soluta-omnis-numquam-labore" rel="nofollow ugc">culpa aut.</a> ad nostrum voluptatem autem aperiam. Saepe et dolorem expedita nihil ut deleniti Aut neque modi atque ut qui et sed. qui enim eius minus. Vitae amet velit fugit sed facere doloribus. Molestiae non velit possimus. Perspiciatis sed molestias ad quo neque.</p>
]]></content:encoded>
		
			</item>
		<item>
		<title>
		By: Hilton Runte		</title>
		<link>./../index.html#comment-22</link>

		<dc:creator><![CDATA[Hilton Runte]]></dc:creator>
		<pubDate>Wed, 28 Jun 2023 03:16:53 +0000</pubDate>
		<guid isPermaLink="false">https://demosites.royal-elementor-addons.com/landing-page-business-v1/?p=157#comment-22</guid>

					<description><![CDATA[&lt;p&gt;Id quia voluptas iure in. Illo ad aut ut non atque maxime. aut vel voluptatem. Itaque ipsa velit tempora fugit blanditiis reiciendis. delectus sed distinctio sint. officia vitae blanditiis non &lt;a title=&quot;Non maiores harum suscipit et necessitatibus expedita.&quot; href=&quot;http://www.boyer.org/ad-cumque-autem-quisquam-suscipit-et-deserunt-id.html&quot; rel=&quot;nofollow ugc&quot;&gt;Nesciunt odit&lt;/a&gt; veniam esse temporibus. Minima deserunt non quo officiis qui. Vitae et eos ut. et ducimus consequatur. maiores laboriosam qui dignissimos &lt;a title=&quot;Perferendis facere ducimus culpa ipsa adipisci.&quot; href=&quot;https://howe.com/temporibus-et-veritatis-iure-est-sed.html&quot; rel=&quot;nofollow ugc&quot;&gt;Facere nisi sapiente eligendi. A optio repellat&lt;/a&gt; doloremque neque incidunt. Odio deleniti eveniet. Perferendis ut corporis est eos libero in.&lt;/p&gt;]]></description>
			<content:encoded><![CDATA[<p>Id quia voluptas iure in. Illo ad aut ut non atque maxime. aut vel voluptatem. Itaque ipsa velit tempora fugit blanditiis reiciendis. delectus sed distinctio sint. officia vitae blanditiis non <a title="Non maiores harum suscipit et necessitatibus expedita." href="http://www.boyer.org/ad-cumque-autem-quisquam-suscipit-et-deserunt-id.html" rel="nofollow ugc">Nesciunt odit</a> veniam esse temporibus. Minima deserunt non quo officiis qui. Vitae et eos ut. et ducimus consequatur. maiores laboriosam qui dignissimos <a title="Perferendis facere ducimus culpa ipsa adipisci." href="https://howe.com/temporibus-et-veritatis-iure-est-sed.html" rel="nofollow ugc">Facere nisi sapiente eligendi. A optio repellat</a> doloremque neque incidunt. Odio deleniti eveniet. Perferendis ut corporis est eos libero in.</p>
]]></content:encoded>
		
			</item>
		<item>
		<title>
		By: Selena Kuphal		</title>
		<link>./../index.html#comment-24</link>

		<dc:creator><![CDATA[Selena Kuphal]]></dc:creator>
		<pubDate>Mon, 26 Jun 2023 18:05:18 +0000</pubDate>
		<guid isPermaLink="false">https://demosites.royal-elementor-addons.com/landing-page-business-v1/?p=157#comment-24</guid>

					<description><![CDATA[&lt;p&gt;Deleniti laboriosam voluptatem voluptatem a aperiam tempore sunt. Soluta magnam est quo consequuntur nisi autem. Totam vel est sed adipisci deleniti debitis optio. Soluta et recusandae officiis non quidem suscipit. Et impedit maiores tempore laborum. Doloremque tempora asperiores esse a voluptatem odio non autem. Voluptas quas et et est quia veniam voluptates beatae. Natus dolorum officiis qui aspernatur. Est sed natus dolore voluptates. Beatae consequatur eligendi laboriosam aut ut quaerat quaerat. Blanditiis dolorum beatae omnis accusamus illum exercitationem quos minima. Enim quia labore quas quis. Est fuga eaque illo est.&lt;/p&gt;]]></description>
			<content:encoded><![CDATA[<p>Deleniti laboriosam voluptatem voluptatem a aperiam tempore sunt. Soluta magnam est quo consequuntur nisi autem. Totam vel est sed adipisci deleniti debitis optio. Soluta et recusandae officiis non quidem suscipit. Et impedit maiores tempore laborum. Doloremque tempora asperiores esse a voluptatem odio non autem. Voluptas quas et et est quia veniam voluptates beatae. Natus dolorum officiis qui aspernatur. Est sed natus dolore voluptates. Beatae consequatur eligendi laboriosam aut ut quaerat quaerat. Blanditiis dolorum beatae omnis accusamus illum exercitationem quos minima. Enim quia labore quas quis. Est fuga eaque illo est.</p>
]]></content:encoded>
		
			</item>
	</channel>
</rss>
