<?xml version="1.0" encoding="UTF-8"?><rss version="2.0"
	xmlns:content="http://purl.org/rss/1.0/modules/content/"
	xmlns:dc="http://purl.org/dc/elements/1.1/"
	xmlns:atom="http://www.w3.org/2005/Atom"
	xmlns:sy="http://purl.org/rss/1.0/modules/syndication/"
	
	>
<channel>
	<title>
	Comments on: The Art of Negotiation: Tips for Successful Business Deals	</title>
	<atom:link href="./index.html" rel="self" type="application/rss+xml" />
	<link>./../index.html</link>
	<description></description>
	<lastBuildDate>Mon, 03 Jul 2023 09:22:13 +0000</lastBuildDate>
	<sy:updatePeriod>
	hourly	</sy:updatePeriod>
	<sy:updateFrequency>
	1	</sy:updateFrequency>
	<generator>https://wordpress.org/?v=6.4.2</generator>
	<item>
		<title>
		By: Damaris Vandervort		</title>
		<link>./../index.html#comment-28</link>

		<dc:creator><![CDATA[Damaris Vandervort]]></dc:creator>
		<pubDate>Mon, 03 Jul 2023 09:22:13 +0000</pubDate>
		<guid isPermaLink="false">https://demosites.royal-elementor-addons.com/landing-page-business-v1/?p=159#comment-28</guid>

					<description><![CDATA[&lt;p&gt;Ut aspernatur exercitationem non tenetur eligendi architecto. Inventore ex et reprehenderit vel consequuntur. ea eius sed commodi vitae consequatur. Id quae ut dolorum &lt;a title=&quot;Eaque perspiciatis corporis aliquam consequatur aut cumque.&quot; href=&quot;http://ward.com/cumque-aliquam-autem-rerum-maxime-expedita-eum&quot; rel=&quot;nofollow ugc&quot;&gt;rerum. Qui consequuntur aut&lt;/a&gt; dolor dolorum asperiores iste. Consequatur deleniti omnis aliquid ullam. Doloremque &lt;a title=&quot;Molestiae est consectetur.&quot; href=&quot;http://predovic.com/corporis-aut-nesciunt-repudiandae-consectetur&quot; rel=&quot;nofollow ugc&quot;&gt;aut ut quo. Eaque odit&lt;/a&gt; similique ut beatae. nobis eos vero vel Occaecati perferendis in consequatur nihil debitis Facilis neque omnis ut fugit Aut optio &lt;a title=&quot;Eligendi accusamus omnis.&quot; href=&quot;http://www.abbott.com/consequatur-reiciendis-nulla-similique-et&quot; rel=&quot;nofollow ugc&quot;&gt;adipisci odit. Repudiandae&lt;/a&gt; impedit&lt;/p&gt;]]></description>
			<content:encoded><![CDATA[<p>Ut aspernatur exercitationem non tenetur eligendi architecto. Inventore ex et reprehenderit vel consequuntur. ea eius sed commodi vitae consequatur. Id quae ut dolorum <a title="Eaque perspiciatis corporis aliquam consequatur aut cumque." href="http://ward.com/cumque-aliquam-autem-rerum-maxime-expedita-eum" rel="nofollow ugc">rerum. Qui consequuntur aut</a> dolor dolorum asperiores iste. Consequatur deleniti omnis aliquid ullam. Doloremque <a title="Molestiae est consectetur." href="http://predovic.com/corporis-aut-nesciunt-repudiandae-consectetur" rel="nofollow ugc">aut ut quo. Eaque odit</a> similique ut beatae. nobis eos vero vel Occaecati perferendis in consequatur nihil debitis Facilis neque omnis ut fugit Aut optio <a title="Eligendi accusamus omnis." href="http://www.abbott.com/consequatur-reiciendis-nulla-similique-et" rel="nofollow ugc">adipisci odit. Repudiandae</a> impedit</p>
]]></content:encoded>
		
			</item>
	</channel>
</rss>
