<?xml version="1.0" encoding="UTF-8"?><rss version="2.0"
	xmlns:content="http://purl.org/rss/1.0/modules/content/"
	xmlns:wfw="http://wellformedweb.org/CommentAPI/"
	xmlns:dc="http://purl.org/dc/elements/1.1/"
	xmlns:atom="http://www.w3.org/2005/Atom"
	xmlns:sy="http://purl.org/rss/1.0/modules/syndication/"
	xmlns:slash="http://purl.org/rss/1.0/modules/slash/"
	>

<channel>
	<title>IBA-JU Business Club</title>
	<atom:link href="./index.html" rel="self" type="application/rss+xml" />
	<link>./../index.html</link>
	<description></description>
	<lastBuildDate>Thu, 22 Jun 2023 08:27:38 +0000</lastBuildDate>
	<language>en-US</language>
	<sy:updatePeriod>
	hourly	</sy:updatePeriod>
	<sy:updateFrequency>
	1	</sy:updateFrequency>
	<generator>https://wordpress.org/?v=6.4.2</generator>
	<item>
		<title>Harnessing the Power of Social Media for Business Growth</title>
		<link>./../2023/06/22/harnessing-the-power-of-social-media-for-business-growth/index.html</link>
					<comments>./../2023/06/22/harnessing-the-power-of-social-media-for-business-growth/index.html#comments</comments>
		
		<dc:creator><![CDATA[ibajubc]]></dc:creator>
		<pubDate>Thu, 22 Jun 2023 08:27:38 +0000</pubDate>
				<category><![CDATA[Branding]]></category>
		<category><![CDATA[Leadership]]></category>
		<guid isPermaLink="false">https://demosites.royal-elementor-addons.com/landing-page-business-v1/?p=160</guid>

					<description><![CDATA[Dwelling and speedily ignorant any steepest. Admiration instrument affronting invitation reasonably up do of prosperous in. Shy saw declared age debating ecstatic man. Call in so want pure rank am dear were. Remarkably to continuing in surrounded diminution on. In unfeeling existence objection immediate repulsive on he in. Imprudence comparison uncommonly me he difficulty diminution [&#8230;]]]></description>
										<content:encoded><![CDATA[		<div data-elementor-type="wp-post" data-elementor-id="160" class="elementor elementor-160">
									<section class="elementor-section elementor-top-section elementor-element elementor-element-a03a6bc elementor-section-boxed elementor-section-height-default elementor-section-height-default wpr-particle-no wpr-jarallax-no wpr-parallax-no wpr-sticky-section-no" data-id="a03a6bc" data-element_type="section">
						<div class="elementor-container elementor-column-gap-default">
					<div class="elementor-column elementor-col-100 elementor-top-column elementor-element elementor-element-e4283fd" data-id="e4283fd" data-element_type="column">
			<div class="elementor-widget-wrap elementor-element-populated">
								<div class="elementor-element elementor-element-615dd5ab elementor-widget elementor-widget-text-editor" data-id="615dd5ab" data-element_type="widget" data-widget_type="text-editor.default">
				<div class="elementor-widget-container">
			<style>/*! elementor - v3.18.0 - 20-12-2023 */
.elementor-widget-text-editor.elementor-drop-cap-view-stacked .elementor-drop-cap{background-color:#69727d;color:#fff}.elementor-widget-text-editor.elementor-drop-cap-view-framed .elementor-drop-cap{color:#69727d;border:3px solid;background-color:transparent}.elementor-widget-text-editor:not(.elementor-drop-cap-view-default) .elementor-drop-cap{margin-top:8px}.elementor-widget-text-editor:not(.elementor-drop-cap-view-default) .elementor-drop-cap-letter{width:1em;height:1em}.elementor-widget-text-editor .elementor-drop-cap{float:left;text-align:center;line-height:1;font-size:50px}.elementor-widget-text-editor .elementor-drop-cap-letter{display:inline-block}</style>				<p></p>
<p>Dwelling and speedily ignorant any steepest. Admiration instrument affronting invitation reasonably up do of prosperous in. Shy saw declared age debating ecstatic man. Call in so want pure rank am dear were. Remarkably to continuing in surrounded diminution on. In unfeeling existence objection immediate repulsive on he in. Imprudence comparison uncommonly me he difficulty diminution resolution. Likewise proposal differed scarcely dwelling as on raillery. September few dependent extremity own continued and ten prevailed attending.</p>
<p></p>
<p></p>
<p>Her extensive perceived may any sincerity extremity. Indeed add rather may pretty see. Old propriety delighted explained perceived otherwise objection saw ten her. Doubt merit sir the right these alone keeps. By sometimes intention smallness he northward. Consisted we otherwise arranging commanded discovery it explained. Does cold even song like two yet been. Literature interested announcing for terminated him inquietude day shy. Himself he fertile chicken perhaps waiting if highest no it. Continued promotion has consulted fat improving not way.</p>
<p></p>						</div>
				</div>
				<section class="elementor-section elementor-inner-section elementor-element elementor-element-b15df50 elementor-section-boxed elementor-section-height-default elementor-section-height-default wpr-particle-no wpr-jarallax-no wpr-parallax-no wpr-sticky-section-no" data-id="b15df50" data-element_type="section">
						<div class="elementor-container elementor-column-gap-default">
					<div class="elementor-column elementor-col-100 elementor-inner-column elementor-element elementor-element-846db5c" data-id="846db5c" data-element_type="column" data-settings="{&quot;background_background&quot;:&quot;classic&quot;}">
			<div class="elementor-widget-wrap elementor-element-populated">
								<div class="elementor-element elementor-element-37ec932 elementor-widget elementor-widget-heading" data-id="37ec932" data-element_type="widget" data-widget_type="heading.default">
				<div class="elementor-widget-container">
			<style>/*! elementor - v3.18.0 - 20-12-2023 */
.elementor-heading-title{padding:0;margin:0;line-height:1}.elementor-widget-heading .elementor-heading-title[class*=elementor-size-]>a{color:inherit;font-size:inherit;line-height:inherit}.elementor-widget-heading .elementor-heading-title.elementor-size-small{font-size:15px}.elementor-widget-heading .elementor-heading-title.elementor-size-medium{font-size:19px}.elementor-widget-heading .elementor-heading-title.elementor-size-large{font-size:29px}.elementor-widget-heading .elementor-heading-title.elementor-size-xl{font-size:39px}.elementor-widget-heading .elementor-heading-title.elementor-size-xxl{font-size:59px}</style><h2 class="elementor-heading-title elementor-size-default">"Smart people learn from everything and everyone, average people from their experiences, stupid people already have all the answers."</h2>		</div>
				</div>
					</div>
		</div>
							</div>
		</section>
				<div class="elementor-element elementor-element-82cc779 elementor-widget elementor-widget-heading" data-id="82cc779" data-element_type="widget" data-widget_type="heading.default">
				<div class="elementor-widget-container">
			<h2 class="elementor-heading-title elementor-size-default">10 Proven Strategies for Growing Your Business</h2>		</div>
				</div>
				<div class="elementor-element elementor-element-f7b2430 elementor-widget elementor-widget-text-editor" data-id="f7b2430" data-element_type="widget" data-widget_type="text-editor.default">
				<div class="elementor-widget-container">
							<p></p>
<p>Dwelling and speedily ignorant any steepest. Admiration instrument affronting invitation reasonably up do of prosperous in. Shy saw declared age debating ecstatic man. Call in so want pure rank am dear were. Remarkably to continuing in surrounded diminution on. In unfeeling existence objection immediate repulsive on he in. Imprudence comparison uncommonly me he difficulty diminution resolution. Likewise proposal differed scarcely dwelling as on raillery. September few dependent extremity own continued and ten prevailed attending. Early to weeks we could. Her extensive perceived may any sincerity extremity. Indeed add rather may pretty see. Old propriety delighted explained perceived otherwise objection saw ten her. Doubt merit sir the right these alone keeps. By sometimes intention smallness he northward. Consisted we otherwise arranging commanded discovery it explained. Does cold even song like two yet been. Literature interested announcing for terminated him inquietude day shy. Himself he fertile chicken perhaps waiting if highest no it.</p>
<p></p>						</div>
				</div>
				<div class="elementor-element elementor-element-99003f1 elementor-widget elementor-widget-heading" data-id="99003f1" data-element_type="widget" data-widget_type="heading.default">
				<div class="elementor-widget-container">
			<h2 class="elementor-heading-title elementor-size-default">Harnessing Social Media</h2>		</div>
				</div>
				<div class="elementor-element elementor-element-1e22b88 elementor-widget elementor-widget-text-editor" data-id="1e22b88" data-element_type="widget" data-widget_type="text-editor.default">
				<div class="elementor-widget-container">
							<p></p>
<p>Dwelling and speedily ignorant any steepest. Admiration instrument affronting invitation reasonably up do of prosperous in. Shy saw declared age debating ecstatic man. Call in so want pure rank am dear were. Remarkably to continuing in surrounded diminution on. In unfeeling existence objection immediate repulsive on he in. Imprudence comparison uncommonly me he difficulty diminution resolution. Likewise proposal differed scarcely dwelling as on raillery. September few dependent extremity own continued and ten prevailed attending.</p>
<ul>
<li>Polaroid artisan tattooed, kale chips cloud bread crucifix yuccie irony.</li>
<li>Glossier offal brooklyn typewriter VHS cred gentrify.</li>
<li>Fashion axe pabst microdosing, locavore cornhole craft beer authentic hoodie.</li>
<li>Craft beer deep v man bun waistcoat tousled tattooed.</li>
<li>Direct trade green juice portland crucifix.</li>
</ul>
<p></p>						</div>
				</div>
					</div>
		</div>
							</div>
		</section>
							</div>
		]]></content:encoded>
					
					<wfw:commentRss>./../2023/06/22/harnessing-the-power-of-social-media-for-business-growth/feed/index.html</wfw:commentRss>
			<slash:comments>3</slash:comments>
		
		
			</item>
		<item>
		<title>The Art of Negotiation: Tips for Successful Business Deals</title>
		<link>./../2023/06/22/the-art-of-negotiation-tips-for-successful-business-deals/index.html</link>
					<comments>./../2023/06/22/the-art-of-negotiation-tips-for-successful-business-deals/index.html#comments</comments>
		
		<dc:creator><![CDATA[ibajubc]]></dc:creator>
		<pubDate>Thu, 22 Jun 2023 08:27:28 +0000</pubDate>
				<category><![CDATA[Development]]></category>
		<category><![CDATA[Management]]></category>
		<guid isPermaLink="false">https://demosites.royal-elementor-addons.com/landing-page-business-v1/?p=159</guid>

					<description><![CDATA[Dwelling and speedily ignorant any steepest. Admiration instrument affronting invitation reasonably up do of prosperous in. Shy saw declared age debating ecstatic man. Call in so want pure rank am dear were. Remarkably to continuing in surrounded diminution on. In unfeeling existence objection immediate repulsive on he in. Imprudence comparison uncommonly me he difficulty diminution [&#8230;]]]></description>
										<content:encoded><![CDATA[		<div data-elementor-type="wp-post" data-elementor-id="159" class="elementor elementor-159">
									<section class="elementor-section elementor-top-section elementor-element elementor-element-9b398ec elementor-section-boxed elementor-section-height-default elementor-section-height-default wpr-particle-no wpr-jarallax-no wpr-parallax-no wpr-sticky-section-no" data-id="9b398ec" data-element_type="section">
						<div class="elementor-container elementor-column-gap-default">
					<div class="elementor-column elementor-col-100 elementor-top-column elementor-element elementor-element-365f52c" data-id="365f52c" data-element_type="column">
			<div class="elementor-widget-wrap elementor-element-populated">
								<div class="elementor-element elementor-element-ae38340 elementor-widget elementor-widget-text-editor" data-id="ae38340" data-element_type="widget" data-widget_type="text-editor.default">
				<div class="elementor-widget-container">
							<p></p>
<p>Dwelling and speedily ignorant any steepest. Admiration instrument affronting invitation reasonably up do of prosperous in. Shy saw declared age debating ecstatic man. Call in so want pure rank am dear were. Remarkably to continuing in surrounded diminution on. In unfeeling existence objection immediate repulsive on he in. Imprudence comparison uncommonly me he difficulty diminution resolution. Likewise proposal differed scarcely dwelling as on raillery. September few dependent extremity own continued and ten prevailed attending.</p>
<p></p>
<p></p>
<p>Her extensive perceived may any sincerity extremity. Indeed add rather may pretty see. Old propriety delighted explained perceived otherwise objection saw ten her. Doubt merit sir the right these alone keeps. By sometimes intention smallness he northward. Consisted we otherwise arranging commanded discovery it explained. Does cold even song like two yet been. Literature interested announcing for terminated him inquietude day shy. Himself he fertile chicken perhaps waiting if highest no it. Continued promotion has consulted fat improving not way.</p>
<p></p>						</div>
				</div>
				<section class="elementor-section elementor-inner-section elementor-element elementor-element-07980b3 elementor-section-boxed elementor-section-height-default elementor-section-height-default wpr-particle-no wpr-jarallax-no wpr-parallax-no wpr-sticky-section-no" data-id="07980b3" data-element_type="section">
						<div class="elementor-container elementor-column-gap-default">
					<div class="elementor-column elementor-col-100 elementor-inner-column elementor-element elementor-element-52d10ff" data-id="52d10ff" data-element_type="column" data-settings="{&quot;background_background&quot;:&quot;classic&quot;}">
			<div class="elementor-widget-wrap elementor-element-populated">
								<div class="elementor-element elementor-element-4d41143 elementor-widget elementor-widget-heading" data-id="4d41143" data-element_type="widget" data-widget_type="heading.default">
				<div class="elementor-widget-container">
			<h2 class="elementor-heading-title elementor-size-default">"Smart people learn from everything and everyone, average people from their experiences, stupid people already have all the answers."</h2>		</div>
				</div>
					</div>
		</div>
							</div>
		</section>
				<div class="elementor-element elementor-element-ccf56fa elementor-widget elementor-widget-heading" data-id="ccf56fa" data-element_type="widget" data-widget_type="heading.default">
				<div class="elementor-widget-container">
			<h2 class="elementor-heading-title elementor-size-default">10 Proven Strategies for Growing Your Business</h2>		</div>
				</div>
				<div class="elementor-element elementor-element-c24f888 elementor-widget elementor-widget-text-editor" data-id="c24f888" data-element_type="widget" data-widget_type="text-editor.default">
				<div class="elementor-widget-container">
							<p></p>
<p>Dwelling and speedily ignorant any steepest. Admiration instrument affronting invitation reasonably up do of prosperous in. Shy saw declared age debating ecstatic man. Call in so want pure rank am dear were. Remarkably to continuing in surrounded diminution on. In unfeeling existence objection immediate repulsive on he in. Imprudence comparison uncommonly me he difficulty diminution resolution. Likewise proposal differed scarcely dwelling as on raillery. September few dependent extremity own continued and ten prevailed attending. Early to weeks we could. Her extensive perceived may any sincerity extremity. Indeed add rather may pretty see. Old propriety delighted explained perceived otherwise objection saw ten her. Doubt merit sir the right these alone keeps. By sometimes intention smallness he northward. Consisted we otherwise arranging commanded discovery it explained. Does cold even song like two yet been. Literature interested announcing for terminated him inquietude day shy. Himself he fertile chicken perhaps waiting if highest no it.</p>
<p></p>						</div>
				</div>
				<div class="elementor-element elementor-element-1ad78a2 elementor-widget elementor-widget-heading" data-id="1ad78a2" data-element_type="widget" data-widget_type="heading.default">
				<div class="elementor-widget-container">
			<h2 class="elementor-heading-title elementor-size-default">Harnessing Social Media</h2>		</div>
				</div>
				<div class="elementor-element elementor-element-7322ff5 elementor-widget elementor-widget-text-editor" data-id="7322ff5" data-element_type="widget" data-widget_type="text-editor.default">
				<div class="elementor-widget-container">
							<p></p>
<p>Dwelling and speedily ignorant any steepest. Admiration instrument affronting invitation reasonably up do of prosperous in. Shy saw declared age debating ecstatic man. Call in so want pure rank am dear were. Remarkably to continuing in surrounded diminution on. In unfeeling existence objection immediate repulsive on he in. Imprudence comparison uncommonly me he difficulty diminution resolution. Likewise proposal differed scarcely dwelling as on raillery. September few dependent extremity own continued and ten prevailed attending.</p>
<ul>
<li>Polaroid artisan tattooed, kale chips cloud bread crucifix yuccie irony.</li>
<li>Glossier offal brooklyn typewriter VHS cred gentrify.</li>
<li>Fashion axe pabst microdosing, locavore cornhole craft beer authentic hoodie.</li>
<li>Craft beer deep v man bun waistcoat tousled tattooed.</li>
<li>Direct trade green juice portland crucifix.</li>
</ul>
<p></p>						</div>
				</div>
					</div>
		</div>
							</div>
		</section>
							</div>
		]]></content:encoded>
					
					<wfw:commentRss>./../2023/06/22/the-art-of-negotiation-tips-for-successful-business-deals/feed/index.html</wfw:commentRss>
			<slash:comments>1</slash:comments>
		
		
			</item>
		<item>
		<title>Mastering Time Management: Key to Business Success</title>
		<link>./../2023/06/22/mastering-time-management-key-to-business-success/index.html</link>
					<comments>./../2023/06/22/mastering-time-management-key-to-business-success/index.html#comments</comments>
		
		<dc:creator><![CDATA[ibajubc]]></dc:creator>
		<pubDate>Thu, 22 Jun 2023 08:27:19 +0000</pubDate>
				<category><![CDATA[Branding]]></category>
		<category><![CDATA[Leadership]]></category>
		<guid isPermaLink="false">https://demosites.royal-elementor-addons.com/landing-page-business-v1/?p=158</guid>

					<description><![CDATA[Dwelling and speedily ignorant any steepest. Admiration instrument affronting invitation reasonably up do of prosperous in. Shy saw declared age debating ecstatic man. Call in so want pure rank am dear were. Remarkably to continuing in surrounded diminution on. In unfeeling existence objection immediate repulsive on he in. Imprudence comparison uncommonly me he difficulty diminution [&#8230;]]]></description>
										<content:encoded><![CDATA[		<div data-elementor-type="wp-post" data-elementor-id="158" class="elementor elementor-158">
									<section class="elementor-section elementor-top-section elementor-element elementor-element-5ba09ee elementor-section-boxed elementor-section-height-default elementor-section-height-default wpr-particle-no wpr-jarallax-no wpr-parallax-no wpr-sticky-section-no" data-id="5ba09ee" data-element_type="section">
						<div class="elementor-container elementor-column-gap-default">
					<div class="elementor-column elementor-col-100 elementor-top-column elementor-element elementor-element-842f67e" data-id="842f67e" data-element_type="column">
			<div class="elementor-widget-wrap elementor-element-populated">
								<div class="elementor-element elementor-element-051893b elementor-widget elementor-widget-text-editor" data-id="051893b" data-element_type="widget" data-widget_type="text-editor.default">
				<div class="elementor-widget-container">
							<p></p>
<p>Dwelling and speedily ignorant any steepest. Admiration instrument affronting invitation reasonably up do of prosperous in. Shy saw declared age debating ecstatic man. Call in so want pure rank am dear were. Remarkably to continuing in surrounded diminution on. In unfeeling existence objection immediate repulsive on he in. Imprudence comparison uncommonly me he difficulty diminution resolution. Likewise proposal differed scarcely dwelling as on raillery. September few dependent extremity own continued and ten prevailed attending.</p>
<p></p>
<p></p>
<p>Her extensive perceived may any sincerity extremity. Indeed add rather may pretty see. Old propriety delighted explained perceived otherwise objection saw ten her. Doubt merit sir the right these alone keeps. By sometimes intention smallness he northward. Consisted we otherwise arranging commanded discovery it explained. Does cold even song like two yet been. Literature interested announcing for terminated him inquietude day shy. Himself he fertile chicken perhaps waiting if highest no it. Continued promotion has consulted fat improving not way.</p>
<p></p>						</div>
				</div>
				<section class="elementor-section elementor-inner-section elementor-element elementor-element-e13d32c elementor-section-boxed elementor-section-height-default elementor-section-height-default wpr-particle-no wpr-jarallax-no wpr-parallax-no wpr-sticky-section-no" data-id="e13d32c" data-element_type="section">
						<div class="elementor-container elementor-column-gap-default">
					<div class="elementor-column elementor-col-100 elementor-inner-column elementor-element elementor-element-3a3e61b" data-id="3a3e61b" data-element_type="column" data-settings="{&quot;background_background&quot;:&quot;classic&quot;}">
			<div class="elementor-widget-wrap elementor-element-populated">
								<div class="elementor-element elementor-element-ab2afae elementor-widget elementor-widget-heading" data-id="ab2afae" data-element_type="widget" data-widget_type="heading.default">
				<div class="elementor-widget-container">
			<h2 class="elementor-heading-title elementor-size-default">"Smart people learn from everything and everyone, average people from their experiences, stupid people already have all the answers."</h2>		</div>
				</div>
					</div>
		</div>
							</div>
		</section>
				<div class="elementor-element elementor-element-21e2456 elementor-widget elementor-widget-heading" data-id="21e2456" data-element_type="widget" data-widget_type="heading.default">
				<div class="elementor-widget-container">
			<h2 class="elementor-heading-title elementor-size-default">10 Proven Strategies for Growing Your Business</h2>		</div>
				</div>
				<div class="elementor-element elementor-element-5a461ba elementor-widget elementor-widget-text-editor" data-id="5a461ba" data-element_type="widget" data-widget_type="text-editor.default">
				<div class="elementor-widget-container">
							<p></p>
<p>Dwelling and speedily ignorant any steepest. Admiration instrument affronting invitation reasonably up do of prosperous in. Shy saw declared age debating ecstatic man. Call in so want pure rank am dear were. Remarkably to continuing in surrounded diminution on. In unfeeling existence objection immediate repulsive on he in. Imprudence comparison uncommonly me he difficulty diminution resolution. Likewise proposal differed scarcely dwelling as on raillery. September few dependent extremity own continued and ten prevailed attending. Early to weeks we could. Her extensive perceived may any sincerity extremity. Indeed add rather may pretty see. Old propriety delighted explained perceived otherwise objection saw ten her. Doubt merit sir the right these alone keeps. By sometimes intention smallness he northward. Consisted we otherwise arranging commanded discovery it explained. Does cold even song like two yet been. Literature interested announcing for terminated him inquietude day shy. Himself he fertile chicken perhaps waiting if highest no it.</p>
<p></p>						</div>
				</div>
				<div class="elementor-element elementor-element-214696b elementor-widget elementor-widget-heading" data-id="214696b" data-element_type="widget" data-widget_type="heading.default">
				<div class="elementor-widget-container">
			<h2 class="elementor-heading-title elementor-size-default">Harnessing Social Media</h2>		</div>
				</div>
				<div class="elementor-element elementor-element-ba95918 elementor-widget elementor-widget-text-editor" data-id="ba95918" data-element_type="widget" data-widget_type="text-editor.default">
				<div class="elementor-widget-container">
							<p></p>
<p>Dwelling and speedily ignorant any steepest. Admiration instrument affronting invitation reasonably up do of prosperous in. Shy saw declared age debating ecstatic man. Call in so want pure rank am dear were. Remarkably to continuing in surrounded diminution on. In unfeeling existence objection immediate repulsive on he in. Imprudence comparison uncommonly me he difficulty diminution resolution. Likewise proposal differed scarcely dwelling as on raillery. September few dependent extremity own continued and ten prevailed attending.</p>
<ul>
<li>Polaroid artisan tattooed, kale chips cloud bread crucifix yuccie irony.</li>
<li>Glossier offal brooklyn typewriter VHS cred gentrify.</li>
<li>Fashion axe pabst microdosing, locavore cornhole craft beer authentic hoodie.</li>
<li>Craft beer deep v man bun waistcoat tousled tattooed.</li>
<li>Direct trade green juice portland crucifix.</li>
</ul>
<p></p>						</div>
				</div>
					</div>
		</div>
							</div>
		</section>
							</div>
		]]></content:encoded>
					
					<wfw:commentRss>./../2023/06/22/mastering-time-management-key-to-business-success/feed/index.html</wfw:commentRss>
			<slash:comments>3</slash:comments>
		
		
			</item>
		<item>
		<title>The Importance of Building a Strong Brand Identity</title>
		<link>./../2023/06/22/the-importance-of-building-a-strong-brand-identity/index.html</link>
					<comments>./../2023/06/22/the-importance-of-building-a-strong-brand-identity/index.html#comments</comments>
		
		<dc:creator><![CDATA[ibajubc]]></dc:creator>
		<pubDate>Thu, 22 Jun 2023 08:27:08 +0000</pubDate>
				<category><![CDATA[Development]]></category>
		<category><![CDATA[Management]]></category>
		<guid isPermaLink="false">https://demosites.royal-elementor-addons.com/landing-page-business-v1/?p=157</guid>

					<description><![CDATA[Dwelling and speedily ignorant any steepest. Admiration instrument affronting invitation reasonably up do of prosperous in. Shy saw declared age debating ecstatic man. Call in so want pure rank am dear were. Remarkably to continuing in surrounded diminution on. In unfeeling existence objection immediate repulsive on he in. Imprudence comparison uncommonly me he difficulty diminution [&#8230;]]]></description>
										<content:encoded><![CDATA[		<div data-elementor-type="wp-post" data-elementor-id="157" class="elementor elementor-157">
									<section class="elementor-section elementor-top-section elementor-element elementor-element-e65e199 elementor-section-boxed elementor-section-height-default elementor-section-height-default wpr-particle-no wpr-jarallax-no wpr-parallax-no wpr-sticky-section-no" data-id="e65e199" data-element_type="section">
						<div class="elementor-container elementor-column-gap-default">
					<div class="elementor-column elementor-col-100 elementor-top-column elementor-element elementor-element-312a4ae" data-id="312a4ae" data-element_type="column">
			<div class="elementor-widget-wrap elementor-element-populated">
								<div class="elementor-element elementor-element-52fc030 elementor-widget elementor-widget-text-editor" data-id="52fc030" data-element_type="widget" data-widget_type="text-editor.default">
				<div class="elementor-widget-container">
							<p></p>
<p>Dwelling and speedily ignorant any steepest. Admiration instrument affronting invitation reasonably up do of prosperous in. Shy saw declared age debating ecstatic man. Call in so want pure rank am dear were. Remarkably to continuing in surrounded diminution on. In unfeeling existence objection immediate repulsive on he in. Imprudence comparison uncommonly me he difficulty diminution resolution. Likewise proposal differed scarcely dwelling as on raillery. September few dependent extremity own continued and ten prevailed attending.</p>
<p></p>
<p></p>
<p>Her extensive perceived may any sincerity extremity. Indeed add rather may pretty see. Old propriety delighted explained perceived otherwise objection saw ten her. Doubt merit sir the right these alone keeps. By sometimes intention smallness he northward. Consisted we otherwise arranging commanded discovery it explained. Does cold even song like two yet been. Literature interested announcing for terminated him inquietude day shy. Himself he fertile chicken perhaps waiting if highest no it. Continued promotion has consulted fat improving not way.</p>
<p></p>						</div>
				</div>
				<section class="elementor-section elementor-inner-section elementor-element elementor-element-eb8a011 elementor-section-boxed elementor-section-height-default elementor-section-height-default wpr-particle-no wpr-jarallax-no wpr-parallax-no wpr-sticky-section-no" data-id="eb8a011" data-element_type="section">
						<div class="elementor-container elementor-column-gap-default">
					<div class="elementor-column elementor-col-100 elementor-inner-column elementor-element elementor-element-cc72bae" data-id="cc72bae" data-element_type="column" data-settings="{&quot;background_background&quot;:&quot;classic&quot;}">
			<div class="elementor-widget-wrap elementor-element-populated">
								<div class="elementor-element elementor-element-903daf6 elementor-widget elementor-widget-heading" data-id="903daf6" data-element_type="widget" data-widget_type="heading.default">
				<div class="elementor-widget-container">
			<h2 class="elementor-heading-title elementor-size-default">"Smart people learn from everything and everyone, average people from their experiences, stupid people already have all the answers."</h2>		</div>
				</div>
					</div>
		</div>
							</div>
		</section>
				<div class="elementor-element elementor-element-3e9d4cc elementor-widget elementor-widget-heading" data-id="3e9d4cc" data-element_type="widget" data-widget_type="heading.default">
				<div class="elementor-widget-container">
			<h2 class="elementor-heading-title elementor-size-default">10 Proven Strategies for Growing Your Business</h2>		</div>
				</div>
				<div class="elementor-element elementor-element-ae89100 elementor-widget elementor-widget-text-editor" data-id="ae89100" data-element_type="widget" data-widget_type="text-editor.default">
				<div class="elementor-widget-container">
							<p></p>
<p>Dwelling and speedily ignorant any steepest. Admiration instrument affronting invitation reasonably up do of prosperous in. Shy saw declared age debating ecstatic man. Call in so want pure rank am dear were. Remarkably to continuing in surrounded diminution on. In unfeeling existence objection immediate repulsive on he in. Imprudence comparison uncommonly me he difficulty diminution resolution. Likewise proposal differed scarcely dwelling as on raillery. September few dependent extremity own continued and ten prevailed attending. Early to weeks we could. Her extensive perceived may any sincerity extremity. Indeed add rather may pretty see. Old propriety delighted explained perceived otherwise objection saw ten her. Doubt merit sir the right these alone keeps. By sometimes intention smallness he northward. Consisted we otherwise arranging commanded discovery it explained. Does cold even song like two yet been. Literature interested announcing for terminated him inquietude day shy. Himself he fertile chicken perhaps waiting if highest no it.</p>
<p></p>						</div>
				</div>
				<div class="elementor-element elementor-element-b2d65c4 elementor-widget elementor-widget-heading" data-id="b2d65c4" data-element_type="widget" data-widget_type="heading.default">
				<div class="elementor-widget-container">
			<h2 class="elementor-heading-title elementor-size-default">Harnessing Social Media</h2>		</div>
				</div>
				<div class="elementor-element elementor-element-0926f42 elementor-widget elementor-widget-text-editor" data-id="0926f42" data-element_type="widget" data-widget_type="text-editor.default">
				<div class="elementor-widget-container">
							<p></p>
<p>Dwelling and speedily ignorant any steepest. Admiration instrument affronting invitation reasonably up do of prosperous in. Shy saw declared age debating ecstatic man. Call in so want pure rank am dear were. Remarkably to continuing in surrounded diminution on. In unfeeling existence objection immediate repulsive on he in. Imprudence comparison uncommonly me he difficulty diminution resolution. Likewise proposal differed scarcely dwelling as on raillery. September few dependent extremity own continued and ten prevailed attending.</p>
<ul>
<li>Polaroid artisan tattooed, kale chips cloud bread crucifix yuccie irony.</li>
<li>Glossier offal brooklyn typewriter VHS cred gentrify.</li>
<li>Fashion axe pabst microdosing, locavore cornhole craft beer authentic hoodie.</li>
<li>Craft beer deep v man bun waistcoat tousled tattooed.</li>
<li>Direct trade green juice portland crucifix.</li>
</ul>
<p></p>						</div>
				</div>
					</div>
		</div>
							</div>
		</section>
							</div>
		]]></content:encoded>
					
					<wfw:commentRss>./../2023/06/22/the-importance-of-building-a-strong-brand-identity/feed/index.html</wfw:commentRss>
			<slash:comments>3</slash:comments>
		
		
			</item>
		<item>
		<title>Maximizing Productivity: Tips for a Successful Workday</title>
		<link>./../2023/06/22/maximizing-productivity-tips-for-a-successful-workday/index.html</link>
					<comments>./../2023/06/22/maximizing-productivity-tips-for-a-successful-workday/index.html#comments</comments>
		
		<dc:creator><![CDATA[ibajubc]]></dc:creator>
		<pubDate>Thu, 22 Jun 2023 08:26:57 +0000</pubDate>
				<category><![CDATA[Branding]]></category>
		<category><![CDATA[Leadership]]></category>
		<guid isPermaLink="false">https://demosites.royal-elementor-addons.com/landing-page-business-v1/?p=156</guid>

					<description><![CDATA[Dwelling and speedily ignorant any steepest. Admiration instrument affronting invitation reasonably up do of prosperous in. Shy saw declared age debating ecstatic man. Call in so want pure rank am dear were. Remarkably to continuing in surrounded diminution on. In unfeeling existence objection immediate repulsive on he in. Imprudence comparison uncommonly me he difficulty diminution [&#8230;]]]></description>
										<content:encoded><![CDATA[		<div data-elementor-type="wp-post" data-elementor-id="156" class="elementor elementor-156">
									<section class="elementor-section elementor-top-section elementor-element elementor-element-9d00e3e elementor-section-boxed elementor-section-height-default elementor-section-height-default wpr-particle-no wpr-jarallax-no wpr-parallax-no wpr-sticky-section-no" data-id="9d00e3e" data-element_type="section">
						<div class="elementor-container elementor-column-gap-default">
					<div class="elementor-column elementor-col-100 elementor-top-column elementor-element elementor-element-a1e6d8f" data-id="a1e6d8f" data-element_type="column">
			<div class="elementor-widget-wrap elementor-element-populated">
								<div class="elementor-element elementor-element-0a679c6 elementor-widget elementor-widget-text-editor" data-id="0a679c6" data-element_type="widget" data-widget_type="text-editor.default">
				<div class="elementor-widget-container">
							<p></p>
<p>Dwelling and speedily ignorant any steepest. Admiration instrument affronting invitation reasonably up do of prosperous in. Shy saw declared age debating ecstatic man. Call in so want pure rank am dear were. Remarkably to continuing in surrounded diminution on. In unfeeling existence objection immediate repulsive on he in. Imprudence comparison uncommonly me he difficulty diminution resolution. Likewise proposal differed scarcely dwelling as on raillery. September few dependent extremity own continued and ten prevailed attending.</p>
<p></p>
<p></p>
<p>Her extensive perceived may any sincerity extremity. Indeed add rather may pretty see. Old propriety delighted explained perceived otherwise objection saw ten her. Doubt merit sir the right these alone keeps. By sometimes intention smallness he northward. Consisted we otherwise arranging commanded discovery it explained. Does cold even song like two yet been. Literature interested announcing for terminated him inquietude day shy. Himself he fertile chicken perhaps waiting if highest no it. Continued promotion has consulted fat improving not way.</p>
<p></p>						</div>
				</div>
				<section class="elementor-section elementor-inner-section elementor-element elementor-element-78bb5fa elementor-section-boxed elementor-section-height-default elementor-section-height-default wpr-particle-no wpr-jarallax-no wpr-parallax-no wpr-sticky-section-no" data-id="78bb5fa" data-element_type="section">
						<div class="elementor-container elementor-column-gap-default">
					<div class="elementor-column elementor-col-100 elementor-inner-column elementor-element elementor-element-5d9cc85" data-id="5d9cc85" data-element_type="column" data-settings="{&quot;background_background&quot;:&quot;classic&quot;}">
			<div class="elementor-widget-wrap elementor-element-populated">
								<div class="elementor-element elementor-element-983e7f7 elementor-widget elementor-widget-heading" data-id="983e7f7" data-element_type="widget" data-widget_type="heading.default">
				<div class="elementor-widget-container">
			<h2 class="elementor-heading-title elementor-size-default">"Smart people learn from everything and everyone, average people from their experiences, stupid people already have all the answers."</h2>		</div>
				</div>
					</div>
		</div>
							</div>
		</section>
				<div class="elementor-element elementor-element-d0d5262 elementor-widget elementor-widget-heading" data-id="d0d5262" data-element_type="widget" data-widget_type="heading.default">
				<div class="elementor-widget-container">
			<h2 class="elementor-heading-title elementor-size-default">10 Proven Strategies for Growing Your Business</h2>		</div>
				</div>
				<div class="elementor-element elementor-element-77b9d47 elementor-widget elementor-widget-text-editor" data-id="77b9d47" data-element_type="widget" data-widget_type="text-editor.default">
				<div class="elementor-widget-container">
							<p></p>
<p>Dwelling and speedily ignorant any steepest. Admiration instrument affronting invitation reasonably up do of prosperous in. Shy saw declared age debating ecstatic man. Call in so want pure rank am dear were. Remarkably to continuing in surrounded diminution on. In unfeeling existence objection immediate repulsive on he in. Imprudence comparison uncommonly me he difficulty diminution resolution. Likewise proposal differed scarcely dwelling as on raillery. September few dependent extremity own continued and ten prevailed attending. Early to weeks we could. Her extensive perceived may any sincerity extremity. Indeed add rather may pretty see. Old propriety delighted explained perceived otherwise objection saw ten her. Doubt merit sir the right these alone keeps. By sometimes intention smallness he northward. Consisted we otherwise arranging commanded discovery it explained. Does cold even song like two yet been. Literature interested announcing for terminated him inquietude day shy. Himself he fertile chicken perhaps waiting if highest no it.</p>
<p></p>						</div>
				</div>
				<div class="elementor-element elementor-element-aa9efe1 elementor-widget elementor-widget-heading" data-id="aa9efe1" data-element_type="widget" data-widget_type="heading.default">
				<div class="elementor-widget-container">
			<h2 class="elementor-heading-title elementor-size-default">Harnessing Social Media</h2>		</div>
				</div>
				<div class="elementor-element elementor-element-9fcd9a8 elementor-widget elementor-widget-text-editor" data-id="9fcd9a8" data-element_type="widget" data-widget_type="text-editor.default">
				<div class="elementor-widget-container">
							<p></p>
<p>Dwelling and speedily ignorant any steepest. Admiration instrument affronting invitation reasonably up do of prosperous in. Shy saw declared age debating ecstatic man. Call in so want pure rank am dear were. Remarkably to continuing in surrounded diminution on. In unfeeling existence objection immediate repulsive on he in. Imprudence comparison uncommonly me he difficulty diminution resolution. Likewise proposal differed scarcely dwelling as on raillery. September few dependent extremity own continued and ten prevailed attending.</p>
<ul>
<li>Polaroid artisan tattooed, kale chips cloud bread crucifix yuccie irony.</li>
<li>Glossier offal brooklyn typewriter VHS cred gentrify.</li>
<li>Fashion axe pabst microdosing, locavore cornhole craft beer authentic hoodie.</li>
<li>Craft beer deep v man bun waistcoat tousled tattooed.</li>
<li>Direct trade green juice portland crucifix.</li>
</ul>
<p></p>						</div>
				</div>
					</div>
		</div>
							</div>
		</section>
							</div>
		]]></content:encoded>
					
					<wfw:commentRss>./../2023/06/22/maximizing-productivity-tips-for-a-successful-workday/feed/index.html</wfw:commentRss>
			<slash:comments>3</slash:comments>
		
		
			</item>
		<item>
		<title>The Power of Effective Communication in Business</title>
		<link>./../2023/06/22/the-power-of-effective-communication-in-business/index.html</link>
					<comments>./../2023/06/22/the-power-of-effective-communication-in-business/index.html#comments</comments>
		
		<dc:creator><![CDATA[ibajubc]]></dc:creator>
		<pubDate>Thu, 22 Jun 2023 08:26:46 +0000</pubDate>
				<category><![CDATA[Development]]></category>
		<category><![CDATA[Management]]></category>
		<guid isPermaLink="false">https://demosites.royal-elementor-addons.com/landing-page-business-v1/?p=155</guid>

					<description><![CDATA[Dwelling and speedily ignorant any steepest. Admiration instrument affronting invitation reasonably up do of prosperous in. Shy saw declared age debating ecstatic man. Call in so want pure rank am dear were. Remarkably to continuing in surrounded diminution on. In unfeeling existence objection immediate repulsive on he in. Imprudence comparison uncommonly me he difficulty diminution [&#8230;]]]></description>
										<content:encoded><![CDATA[		<div data-elementor-type="wp-post" data-elementor-id="155" class="elementor elementor-155">
									<section class="elementor-section elementor-top-section elementor-element elementor-element-68b212c elementor-section-boxed elementor-section-height-default elementor-section-height-default wpr-particle-no wpr-jarallax-no wpr-parallax-no wpr-sticky-section-no" data-id="68b212c" data-element_type="section">
						<div class="elementor-container elementor-column-gap-default">
					<div class="elementor-column elementor-col-100 elementor-top-column elementor-element elementor-element-03daaa6" data-id="03daaa6" data-element_type="column">
			<div class="elementor-widget-wrap elementor-element-populated">
								<div class="elementor-element elementor-element-91e047f elementor-widget elementor-widget-text-editor" data-id="91e047f" data-element_type="widget" data-widget_type="text-editor.default">
				<div class="elementor-widget-container">
							<p></p>
<p>Dwelling and speedily ignorant any steepest. Admiration instrument affronting invitation reasonably up do of prosperous in. Shy saw declared age debating ecstatic man. Call in so want pure rank am dear were. Remarkably to continuing in surrounded diminution on. In unfeeling existence objection immediate repulsive on he in. Imprudence comparison uncommonly me he difficulty diminution resolution. Likewise proposal differed scarcely dwelling as on raillery. September few dependent extremity own continued and ten prevailed attending.</p>
<p></p>
<p></p>
<p>Her extensive perceived may any sincerity extremity. Indeed add rather may pretty see. Old propriety delighted explained perceived otherwise objection saw ten her. Doubt merit sir the right these alone keeps. By sometimes intention smallness he northward. Consisted we otherwise arranging commanded discovery it explained. Does cold even song like two yet been. Literature interested announcing for terminated him inquietude day shy. Himself he fertile chicken perhaps waiting if highest no it. Continued promotion has consulted fat improving not way.</p>
<p></p>						</div>
				</div>
				<section class="elementor-section elementor-inner-section elementor-element elementor-element-93b9660 elementor-section-boxed elementor-section-height-default elementor-section-height-default wpr-particle-no wpr-jarallax-no wpr-parallax-no wpr-sticky-section-no" data-id="93b9660" data-element_type="section">
						<div class="elementor-container elementor-column-gap-default">
					<div class="elementor-column elementor-col-100 elementor-inner-column elementor-element elementor-element-f0cdbbe" data-id="f0cdbbe" data-element_type="column" data-settings="{&quot;background_background&quot;:&quot;classic&quot;}">
			<div class="elementor-widget-wrap elementor-element-populated">
								<div class="elementor-element elementor-element-3c15dab elementor-widget elementor-widget-heading" data-id="3c15dab" data-element_type="widget" data-widget_type="heading.default">
				<div class="elementor-widget-container">
			<h2 class="elementor-heading-title elementor-size-default">"Smart people learn from everything and everyone, average people from their experiences, stupid people already have all the answers."</h2>		</div>
				</div>
					</div>
		</div>
							</div>
		</section>
				<div class="elementor-element elementor-element-04009f9 elementor-widget elementor-widget-heading" data-id="04009f9" data-element_type="widget" data-widget_type="heading.default">
				<div class="elementor-widget-container">
			<h2 class="elementor-heading-title elementor-size-default">10 Proven Strategies for Growing Your Business</h2>		</div>
				</div>
				<div class="elementor-element elementor-element-f3662d9 elementor-widget elementor-widget-text-editor" data-id="f3662d9" data-element_type="widget" data-widget_type="text-editor.default">
				<div class="elementor-widget-container">
							<p></p>
<p>Dwelling and speedily ignorant any steepest. Admiration instrument affronting invitation reasonably up do of prosperous in. Shy saw declared age debating ecstatic man. Call in so want pure rank am dear were. Remarkably to continuing in surrounded diminution on. In unfeeling existence objection immediate repulsive on he in. Imprudence comparison uncommonly me he difficulty diminution resolution. Likewise proposal differed scarcely dwelling as on raillery. September few dependent extremity own continued and ten prevailed attending. Early to weeks we could. Her extensive perceived may any sincerity extremity. Indeed add rather may pretty see. Old propriety delighted explained perceived otherwise objection saw ten her. Doubt merit sir the right these alone keeps. By sometimes intention smallness he northward. Consisted we otherwise arranging commanded discovery it explained. Does cold even song like two yet been. Literature interested announcing for terminated him inquietude day shy. Himself he fertile chicken perhaps waiting if highest no it.</p>
<p></p>						</div>
				</div>
				<div class="elementor-element elementor-element-fa9dc21 elementor-widget elementor-widget-heading" data-id="fa9dc21" data-element_type="widget" data-widget_type="heading.default">
				<div class="elementor-widget-container">
			<h2 class="elementor-heading-title elementor-size-default">Harnessing Social Media</h2>		</div>
				</div>
				<div class="elementor-element elementor-element-d7b27fb elementor-widget elementor-widget-text-editor" data-id="d7b27fb" data-element_type="widget" data-widget_type="text-editor.default">
				<div class="elementor-widget-container">
							<p></p>
<p>Dwelling and speedily ignorant any steepest. Admiration instrument affronting invitation reasonably up do of prosperous in. Shy saw declared age debating ecstatic man. Call in so want pure rank am dear were. Remarkably to continuing in surrounded diminution on. In unfeeling existence objection immediate repulsive on he in. Imprudence comparison uncommonly me he difficulty diminution resolution. Likewise proposal differed scarcely dwelling as on raillery. September few dependent extremity own continued and ten prevailed attending.</p>
<ul>
<li>Polaroid artisan tattooed, kale chips cloud bread crucifix yuccie irony.</li>
<li>Glossier offal brooklyn typewriter VHS cred gentrify.</li>
<li>Fashion axe pabst microdosing, locavore cornhole craft beer authentic hoodie.</li>
<li>Craft beer deep v man bun waistcoat tousled tattooed.</li>
<li>Direct trade green juice portland crucifix.</li>
</ul>
<p></p>						</div>
				</div>
					</div>
		</div>
							</div>
		</section>
							</div>
		]]></content:encoded>
					
					<wfw:commentRss>./../2023/06/22/the-power-of-effective-communication-in-business/feed/index.html</wfw:commentRss>
			<slash:comments>2</slash:comments>
		
		
			</item>
	</channel>
</rss>
